GLA_ID,Borough_Ref,Name,Location,SuppliedPostcode,NearestPostcode,Borough,Organisation,Facilities,Grade,Comments,Easting,Northing,Latitude,Longitude
126,0,Abbots Way,Alongside railway line,BR3 3,CR0 7TX,Bromley,,,,,535943,167854,51.393386,-0.047422
127,0,Adams Road,Alongside railway line at junction with Upper Elmers End Road,BR3,BR3 4AX,Bromley,,,,,536250,167898,51.393712,-0.042996
128,0,Aylesford Avenue,To north of Greenview Avenue,BR3 3,CR0 7QW,Croydon,,,,,536252,167397,51.389209,-0.043162
129,0,Barnmead Road,Between Railway tracks north of Thayers Farm Road,BR3 1,BR3 4LY,Bromley,,,,,536292,169784,51.410653,-0.041668
130,0,Beck Lane,North of Beck Lane and Central Terrace,BR3 4,BR3 4RF,Bromley,,,,,535658,169029,51.404014,-0.051065
131,0,Beckenham Lane,"South West of Beckenham Lane, on north side of Playing Field",BR2 0,BR2 0DG,Bromley,,,,,539730,169401,51.406374,0.007591
132,0,Belmont Lane,South of Belmont Lane,BR7,BR7 6BL,Bromley,,,,,544100,171400,51.423243,0.071183
133,0,Biggin Hill,West of Old Tye Avenue,TN16 3,TN16 3LY,Bromley,,,,,542178,159230,51.314368,0.038694
134,0,Bourne Vale,East of Kingsdown Way / north of Farleigh Avenue,BR2 7,BR2 7NY,Bromley,,,,,540159,167044,51.38509,0.012812
135,0,Bull Lane,"Between Bull Lane and Paddock Way, north of Graham Chiesman House",BR7,BR7 6PD,Bromley,,,,,544718,170124,51.411618,0.079546
136,0,Chelsfield,South of Bucks Cross Road,BR6 7,BR6 7RJ,Bromley,,,,,548453,164119,51.356693,0.13071
137,0,Dorset Road,South of Beck Lane / north of Elmers End,BR3 4,BR3 4GP,Bromley,,,,,535721,168849,51.402383,-0.050233
138,0,Elmstead Lane,North of Croft Close and South of Walden Avenue,BR7 5,BR7 6EL,Bromley,,,,,542857,171549,51.424898,0.053371
139,0,Eynsford Close,West of Petts Wood Recreation Ground,BR5 1,BR5 1BA,Bromley,,,,,544183,166917,51.382935,0.070552
140,0,Farnborough Hill,South of Farnborough Hill,BR6 7,BR6 7TQ,Bromley,,,,,544704,164177,51.358184,0.076919
141,0,Forster Road,"East of Gwydor Road and railway track, north of Station Estate",BR3 4,BR3 4DN,Bromley,,,,,535935,168568,51.399811,-0.047265
142,0,Foxbury,"North of Foxbury Road, East of Burnt Ash Lane",BR1 5,BR1 4DJ,Bromley,,,,,540420,170701,51.417886,0.018008
143,0,Goddard Road**,"West of Shirley Crescent, NW of Marian Vian Primary School",BR3,BR3 4BS,Bromley,,,,,535945,168075,51.395372,-0.047302
144,0,Halls Farm,"Between railway track to the west, and Sundridge Park Golf Course to the east, east of Milk Street",BR1 5,BR1 5AQ,Bromley,,,,,540816,170998,51.420455,0.023823
145,0,Harvington,West of South Eden Park Road,BR3 3,BR3 3AX,Bromley,,,,,537553,167701,51.391629,-0.02436
146,0,Hawes Lane,West of High Mead / SouthEast of Silver Lane,BR4 9,BR4 0SG,Bromley,,,,,538897,165817,51.37437,-0.005779
147,0,Hillcrest,East of Southover,BR1 5,BR1 4RZ,Bromley,,,,,540188,171266,51.423021,0.014906
148,0,Holy Trinity (Bromley Common),East of Bromley Common,BR2 8,BR2 8LA,Bromley,,,,,542216,166591,51.380508,0.042184
149,0,Homesdale Road,South of Fairfield Road,BR5 1,BR5 1JN,Bromley,,,,,545008,166911,51.382675,0.082397
150,0,Hook Farm,South of Hook Farm Road / west of Bromley Common,BR2 9,BR2 9SX,Bromley,,,,,541560,167603,51.389762,0.033161
151,0,Horsell Road,North of Horsell Road,BR5 2,BR5 3BG,Bromley,,,,,546646,169768,51.407928,0.107103
152,0,Jubilee Park,East of Blackbrook Lane / North of Fontwell Drive & Southborough Lane,BR2 8,BR2 8AY,Bromley,,,,,543100,167875,51.391818,0.055385
153,0,Kent House Leis. Gdn,East of Kent House Lane and Cricket Lane / South of Fairlawn Park,SE26 5,SE26 5LR,Bromley,,,,,536321,171212,51.423472,-0.0407
154,0,Kent House Road,East of Pool River,BR3 1,BR3 1JH,Bromley,,,,,536330,170704,51.418905,-0.040774
155,0,Kings Hall Road,To north and east of railway tracks/ North of Turners Meadow Way and Rowden Road/Chaffinch Road,BR3 4,BR3 1HG,Bromley,,,,,536661,169887,51.41149,-0.036321
156,0,Lennard Road,South of Beckett Walk,BR3 1,BR3 1JH,Bromley,,,,,536256,170590,51.417905,-0.041874
157,0,Lower Chesham,North West of Ravenscroft Road / South SE of Chesham Road,SE20 7,SE20 7RJ,Bromley,,,,,535487,169465,51.407974,-0.053357
158,0,Lower Road,West of Lower Road and West SW of Kent Road,BR5 4,BR5 4AH,Bromley,,,,,546918,167300,51.385678,0.109984
159,0,Maberley Road,"West of Maberley Road, South of Belvedere Road, NE of Mowbray Road",SE19 2,SE19 2RL,Croydon,,,,,533972,169996,51.413108,-0.07492
160,0,Mead Road,"North of Mead Road, East of Green Lane, South of Woodside Avenue",BR7 6,BR7 6AQ,Bromley,,,,,544077,170991,51.419576,0.070689
161,0,Millwood Road,"South of Millwood Road, North of Doveney Close",BR5 3,BR5 3WA,Bromley,,,,,547470,168633,51.397509,0.118475
162,0,Pickhurst Green,"West of Eastry Avenue, South West of Heath Rise",BR2 7,BR2 7PF,Bromley,,,,,539830,167204,51.386605,0.00815
163,0,Pine Walk,North of Scotts Park Primary School,BR1 2,BR1 2PR,Bromley,,,,,541318,170030,51.411631,0.030656
164,0,Poverest Allotment,South of Lockesley Drive,BR5 2,BR5 2AA,Bromley,,,,,546260,167209,51.385028,0.100499
165,0,Ravensbourne Road,"East of Ridley Road and Forstal Close, north of railway lines",BR1 1,BR1 1HW,Bromley,,,,,540122,168771,51.400618,0.012967
166,0,Rosemount,South of Briars Place (house),,BR7 5HD,Bromley,,,,,543982,169764,51.408573,0.06882
167,0,Roslin Way,"West of Roslin Way, North of Brindley Way",BR1 4,BR1 5SN,Bromley,,,,,540507,171119,51.421619,0.019435
168,0,Sandford Road,"South of Sandford Road, West of Ravensbourne School",BR2 9,BR2 9AE,Bromley,,,,,540533,168063,51.394148,0.018599
169,0,Sandringham Road,North of Rangefield Road,BR1 5,BR1 4QU,Bromley,,,,,540277,171098,51.421485,0.016122
170,0,Shortlands,"SouthWest of Queen's Mead Road and Bromley Gardens, and railway track, NorthEast of Hillside Road",BR2,BR2 0TL,Bromley,,,,,539645,168964,51.402469,0.006186
171,0,Southlands Road,"On either side of Baths Road, South of The Avenue, East of Clarence Road, North of Tredwell Close",BR2 9,BR2 9RQ,Bromley,,,,,541846,168371,51.396589,0.03758
172,0,Tugmutton,North West of Lovibonds Avenue,BR6 8,BR6 7GN,Bromley,,,,,543659,165041,51.366217,0.062275
173,0,Turpington Lane,West of Turpington Lane,BR2 8,BR2 8JZ,Bromley,,,,,542132,167296,51.386862,0.041255
174,0,Upper Chesham,"West of Chesham Crescent, South West of Garden Road",SE20 8,SE20 7DF,Bromley,,,,,535280,169534,51.408649,-0.056307
175,0,Wickham Road,"South of Court Downs Road, East of Kelsey Park, West of Brograve Gardens, North of Kelsey Park Avenue",BR3 5,BR3 6LN,Bromley,,,,,537664,169115,51.40431,-0.022214
176,0,Widecombe Road,"South of Nunnington Close, West of Wide Coombe Road",SE12 9,SE9 4DF,Bromley,,,,,542362,172172,51.430619,0.04651
177,0,Willow Grove,"West of Nursery Gardens, North of Camden Park",BR7 5,BR7 5BN,Bromley,,,,,543724,170691,51.416968,0.065488
735,0,Ravenslea Road,South of Nightingale Lane,SW12,SW12 8RX,Wandsworth,,,,,527889,173393,51.445037,-0.161121
737,0,Stag Lane,Putney Vale,SW15,SW15 3EH,Wandsworth,,,,,522092,172205,51.435641,-0.24491
733,0,Herlwyn Gardens,,SW17,SW17 7EY,Wandsworth,,,,,527589,171876,51.431471,-0.16598
730,0,Beatrix Potter,Magdalen Road,SW18,SW18 3ER,Wandsworth,,,,,526493,173281,51.444344,-0.181247
732,0,Garratt Park,Steerforth Street,SW18,SW18 4HF,Wandsworth,,,,,525980,172584,51.438201,-0.188867
734,0,King George's Park,Burr Road,SW18,SW18 5JU,Wandsworth,,,,,525474,173282,51.444584,-0.195897
736,0,Sailor Prince,Duntshill Road,SW18,SW18 4QN,Wandsworth,,,,,525837,173111,51.442963,-0.19074
729,0,Arthur Road,"Motspur Park, Nr Morden Cemetery, Surrey",,KT3 6LX,Merton,,,,,523000,167542,51.393534,-0.233465
6,1,Field Gardens,,,RM6 6UB,Barking and Dagenham,Chadwell Heath Allotment and Horticultural Society,,,,547942,188143,51.572692,0.13342
14,2,Temple Avenue,,,RM7 0EX,Barking and Dagenham,Becontree Heath Allotment and Horticultural Society,,,,549270,187485,51.566437,0.152281
7,3,Frizlands,,,RM10 7HS,Barking and Dagenham,Becontree Horticultural and Allotment Association,,,,549722,186107,51.55393,0.158216
12,4,Manning Road,,,RM10 9HL,Barking and Dagenham,Becontree Horticultural and Allotment Association,,,,549199,184398,51.538713,0.149961
13,5,Reede Road,,,RM10 8GF,Barking and Dagenham,Becontree Horticultural and Allotment Association,,,,549666,184907,51.543164,0.156897
15,6,Wood Lane,,,RM8 2AH,Barking and Dagenham,Becontree Horticultural and Allotment Association,,,,546995,185669,51.550714,0.118736
11,7,Longbridge Road,,,RM8 3YL,Barking and Dagenham,Becontree Horticultural and Allotment Association,,,,547477,185850,51.552215,0.125751
2,8,Bushway,,,RM8 3XH,Barking and Dagenham,Becontree Horticultural and Allotment Association,,,,547586,185950,51.553081,0.127366
3,9,Chittys Lane,,,RM8 1UD,Barking and Dagenham,Becontree Horticultural and Allotment Association,,,,547600,187103,51.563442,0.128057
1,10,Barking Park,,,IG11 8UD,Barking and Dagenham,Barking and District Allotment Holders Society Limited,,,,545134,185250,51.547428,0.091727
9,12,Gale Street,,,RM9 6BU,Barking and Dagenham,East Barking Allotment and Horticultural Society,,,,547778,184481,51.539835,0.129516
10,13,Hedgeman's Road,,,RM9 6HU,Barking and Dagenham,Hedgeman's Road Allotment Association,,,,548576,184577,51.540486,0.14106
5,14,Exeter Road,,,RM10 8AD,Barking and Dagenham,Exeter Road Allotment Association,,,,549876,184848,51.542577,0.159907
8,15,Gale Street,,,RM9 6EF,Barking and Dagenham,Gale Street Organics,,,,548021,184516,51.54009,0.133034
16,1,Abbots Road,"Abbots Road, Edgware",,EN5 4NS,Barnet,,,,,523455,197109,51.659168,-0.216581
17,2,Archfields,"Between 195 & 197 Great North Way, NW4",,EN5 2RQ,Barnet,,,,,523727,195484,51.644498,-0.21322
18,3,Barfield,"Barfield Avenue, Whetstone, N20",,EN5 2QJ,Barnet,,,,,523809,195782,51.647162,-0.211936
19,4,Bells Hill,"Newlands Place, Barnet",,EN5 2SW,Barnet,,,,,524026,195871,51.64791,-0.208761
20,5,Booth Road,"Sheaveshill Avenue, NW9",,EN5 2NN,Barnet,,,,,524110,195740,51.646718,-0.207595
21,6,Brent Place,"Brent Place, Barnet(allotments attached to council housing area)",,EN5 2UP,Barnet,,,,,524530,195333,51.642966,-0.201678
22,7,Brent Way,"Brent Way, N3",,EN5 2DP,Barnet,,,,Not clear exactly where it is,525006,195730,51.646429,-0.19465
24,8,Brook Farm (South),"Opp. Black Bull Pub, High Road, Whetstone, N20",,EN5 5PE,Barnet,,,,,525986,196650,51.654476,-0.180175
23,9,Brook Farm (North),"Adjacent to 1503 High Road, Whetsone, N20",,EN5 5LT,Barnet,,,,,525228,196795,51.655955,-0.191069
25,10,Byng Road,"Byng Road, Barnet",,EN4 9JP,Barnet,,,,,527475,195749,51.64605,-0.158981
26,11,Cat Hill,"Cat Hill, East Barnet",,N20 9RA,Barnet,,,,,525999,194749,51.637388,-0.180669
27,12,Cherry Tree Hill,"Great North Road, N2 (Adjacent Wellington Place)",,N20 9PF,Barnet,,,,,526145,194487,51.635009,-0.178653
29,14,Clifford Road,"Clifford Road, Barnet",,N20 0HH,Barnet,,,,,525871,193288,51.624287,-0.183034
28,13,Childs Hill,"Garth Road, NW2",,N12 7BZ,Barnet,,,,,524762,192260,51.615302,-0.199422
30,15,Cool Oak Lane,"Cool Oak Lane, NW9",,N20 0TH,Barnet,,,,,527380,194013,51.630471,-0.160982
31,16,Coppetts Road (Halliwick),"Junction of Coppetts Road and Trott Road, N10",,N20 0EL,Barnet,,,,,527618,193580,51.62652,-0.157706
37,21,Finchley Manor,"Brookland Rise, NW11",,N11 3HH,Barnet,,,,,528050,192654,51.618098,-0.151806
33,18,Deans Lane,"Deans Lane, Edgware",,N12 9HN,Barnet,,,,,526804,192200,51.614301,-0.169964
34,19,Dollis Valley,"Leeside, off Mays Lane, Barnet",,N12 0PY,Barnet,,,,,526972,191342,51.606554,-0.167852
35,20,East Finchley,"High Road, N2 (Adjacent to Martins School)",,N11 3LJ,Barnet,,,,,527680,192532,51.617092,-0.15719
32,17,"Daws Lane, Mill Hill Park.","Hartley Close, NW7",,N11 3BL,Barnet,,,,,527895,193082,51.621988,-0.153893
38,22,Frith Manor,"Lullington Garth, N12",,N10 1BF,Barnet,,,,,527938,191137,51.604492,-0.153975
39,23,Fursby Avenue,"Fursby Avenue, N12",,N2 9BD,Barnet,,,,,527270,190130,51.595592,-0.163985
40,24,Glebeland,"Downway, Summers Lane, N12",,N2 8LR,Barnet,,,,,526375,190434,51.598531,-0.176792
41,25,Gordon Road,"Gordon Road, N3",,N3 2RU,Barnet,,,,,525986,190313,51.597529,-0.182442
42,26,Hatley Close,"Hatley Close, N11",,N2 0GB,Barnet,,,,,527282,188902,51.584556,-0.16425
43,27,Hendon Grove,"St. Joseph's Grove, NW4",,NW11 6AS,Barnet,,,,,525073,189099,51.586824,-0.19605
45,28,Hospital Fields West,"Golders Green Allotment and Horticultural Association.  Hendon Way, NW2 and NW11",,N3 1PS,Barnet,,,,,525338,191761,51.610691,-0.191276
44,29,Hospital Fields East,"Golders Green Allotment and Horticultural Association.  Hendon Way, NW2 and NW11",,N12 7LH,Barnet,,,,,525118,191789,51.610991,-0.194452
52,30,"Pointalls, Squires Lane","Adjacent 215 Squires Lane, N3",,N12 7LG,Barnet,,,,,524965,191780,51.610941,-0.196659
46,31,Kenerne Drive,"Access via Boardman Close, Barnet",,N3 1EL,Barnet,,,,,524719,191208,51.605856,-0.200407
47,32,Lawrence Street,"Lawrence Street, NW7",,N3 1TQ,Barnet,,,,,524281,190826,51.602517,-0.206868
48,33,Leecroft Road,"Leecroft Road, Barnet",,NW7 1BF,Barnet,,,,,523681,191584,51.609465,-0.215258
49,34,Montrose Avenue,"Montrose Park, Burnt Oak",,NW4 1PQ,Barnet,,,,,523286,190478,51.599606,-0.221345
50,35,Needham Terrace,"Rear of Needham Terrace, NW2",,NW7 4JU,Barnet,,,,,521916,193197,51.624347,-0.240181
51,36,Nethercourt Avenue,"Nethercourt Avenue, N3",,NW7 4NR,Barnet,,,,,521519,193000,51.622659,-0.245975
53,37,Rathbone,"Oakleigh Road North, Whetstone, N20",,HA8 9LA,Barnet,,,,,520060,191771,51.611924,-0.267466
54,38,Sanders Lane,"off Sanders Lane, NW7",,HA8 9ET,Barnet,,,,,520486,191462,51.609053,-0.261414
55,39,Sheaveshill Court,"The Hyde, NW9 (allotments attached to council housing area)",,NW7 2QS,Barnet,,,,,521778,191906,51.61277,-0.242618
56,40,Simmons Way,"Simmons Way, Whetstone, N20",,NW9 5DH,Barnet,,,,,521035,190233,51.597899,-0.253917
57,41,Stanhope Road,"Stanhope Road, Barnet (allotments attached to council housing area)",,NW9 6DQ,Barnet,,,,,521339,189610,51.592226,-0.249749
58,42,The Crescent,"Crescent Road, N11",,NW9 6JG,Barnet,,,,,521272,189375,51.590132,-0.250795
59,43,Thornfield Avenue,"Thornfield Avenue, NW7",,NW9 7ND,Barnet,,,,,521657,187711,51.575096,-0.245824
60,44,Tretawn Gardens,"Tretawn Gardens, NW7",,NW4 4XS,Barnet,,,,,522565,189286,51.58905,-0.232178
61,45,Tudor Road,"Tudor Road, Barnet",,NW7 2DF,Barnet,,,,,522768,191606,51.609858,-0.228433
62,46,Vale Farm,"Tarling Road, N2",,NW7 2BL,Barnet,,,,,522771,191542,51.609287,-0.228417
63,47,Whetstone Stray,"Holden Road, N12",,NW2 1BB,Barnet,,,,,523982,187421,51.571983,-0.212385
64,48,Wise Lane,"Brookfield Crescent, NW7",,NW2 2AZ,Barnet,,,,,524580,186749,51.565812,-0.204001
65,49,Woodhouse,"Grove Road, Warnham Road, N12",,NW2 2AL,Barnet,,,,,524848,186903,51.567132,-0.200084
36,50,"Finchley Charity Site, Fuel Lands",High Rd N2 near Chandos Rd,,NW2 3EA,Barnet,Private Site,,,,523763,185981,51.559086,-0.216055
66,1,Alers Road,"Green Vale, Bexleyheath",,DA6 8HP,Bexley,,,,TQ 5477 1748,547757,174856,51.453355,0.125179
67,2,Barry Avenue,"Cumberland Drive, West Heath",,DA7 5JS,Bexley,,,,TQ 5481 1772,548119,177247,51.47475,0.131392
68,3,Bourne Road,"Bourne Road, West Heath",,DA1 4BU,Bexley,,,,TQ 5509 1746,550940,174639,51.450569,0.170872
100,34,Station Approach,"Station Approach, Welling",,DA16 3HZ,Bexley,,,,TQ 5464 1761,546357,176124,51.465117,0.105576
89,23,Olyffe Avenue,"Lovell Avenue, Welling",,DA16 3BU,Bexley,,,,TQ 5463 1764,546287,176485,51.468372,0.10471
69,4,Burnell Avenue,"Burnell Avenue, Welling",,DA16 3HQ,Bexley,,,,TQ 5465 1761,546584,176200,51.465737,0.108869
95,29,Rosemary Road,"Rosemary Road, Welling",,DA16 3BH,Bexley,,,,TQ 5459 1767,545958,176696,51.470358,0.100068
86,21,Monks Farm,"Camdale Road, Welling",,SE18 2DR,Bexley,,,,TQ 5458 1771,545902,177155,51.474492,0.09946
93,27,Radnor Avenue,"Radnor Avenue, Welling",,DA16 2DA,Bexley,,,,TQ 5466 1747,546669,174762,51.45279,0.109505
97,31,Sherwood Park,"Sherwood Park Avenue, Blackfen",,DA15 9JJ,Bexley,,,,TQ 5468 1740,546876,173986,51.445765,0.112154
74,9,Days Lane,"Days Lane, Blackfen",,DA15 8JU,Bexley,,,,TQ 5458 1739,545810,173988,51.446063,0.096832
88,22,Old Farm Avenue,"Old Farm Avenue, Sidcup",,DA15 8AP,Bexley,,,,TQ 5450 1729,545032,172910,51.436574,0.085198
78,13,Harland Avenue,"Harland Avenue, Sidcup",,DA15 7PF,Bexley,,,,TQ 5451 1728,545158,172797,51.435524,0.086962
92,26,Priestlands Park,"Longlands Road, Sidcup",,DA15 7JG,Bexley,,,,TQ 5456 1723,545545,172327,51.431203,0.092328
84,19,Longlands Road,"Longlands Road, Sidcup",,DA15 7LF,Bexley,,,,TQ 5456 1723,545642,172414,51.431959,0.093767
102,36,Warwick Road,"Warwick Road, Sidcup",,DA14 6LJ,Bexley,,,,TQ 5466 1711,546732,171149,51.420315,0.108906
72,7,Cray Road,"Cray Road, Footscray",,DA14 5DQ,Bexley,,,,TQ 5471 1707,547132,170781,51.416906,0.11451
80,15,Knoll Road,"Knoll Road, Sidcup",,DA14 6JG,Bexley,,,,TQ 5470 1713,547062,171343,51.421972,0.113729
99,33,Stable Meadows,"Leafield Lane, Northcray",,DA14 5EB,Bexley,,,,TQ 5485 1722,548553,172220,51.429461,0.135529
101,35,Valentine Avenue,"Valentine Avenue, Bexley",,DA5 3HF,Bexley,,,,TQ 5483 1730,548304,173059,51.437063,0.132295
85,20,Love Lane,"Love Lane, Bexley",,DA5 1RJ,Bexley,,,,TQ 5491 1741,549090,174157,51.446726,0.144057
73,8,Crayford Way,"Crayford Way, Crayford",,DA1 4LU,Bexley,,,,TQ 5525 1750,552505,175066,51.453989,0.193557
90,24,Orchard,"Mayplace Road East, Barnehurst",,DA7 6JU,Bexley,,,,TQ 5507 1756,550776,175597,51.459216,0.168922
91,25,Parkside,"Taunton Close, Barnehurst",,DA7 6NW,Bexley,,,,TQ 5507 1760,551118,176033,51.463041,0.174026
77,12,Grasmere Road,"Grasmere Road, Barnehurst",,DA7 6PL,Bexley,,,,TQ 5503 1764,550374,176405,51.466589,0.163477
83,18,Lesney Farm,"Bexley Road, North Heath",,DA8 3LE,Bexley,,,,TQ 5503 1774,551163,177325,51.47464,0.175222
98,32,South Road,"Larner Road, Slade Green",,DA8 2EU,Bexley,,,,TQ 5511 1773,551864,177159,51.472959,0.185231
79,14,Howbury Lane,"Howbury Lane, Slade Green",,DA8 2DR,Bexley,,,,TQ 5522 1762,552231,176283,51.464995,0.190137
70,5,Chapmans Land,"Brook Street, Belvedere",,DA17 6NR,Bexley,,,,TQ 5495 1779,549527,177933,51.480541,0.151942
75,10,Elstree Gardens,"Elstree Gardens, Belvedere",,DA17 5RT,Bexley,,,,TQ 5482 17889,548262,178980,51.490279,0.134175
81,16,Leatherbottle,"Leatherbottle Lane, Belvedere",,DA17 5QT,Bexley,,,,TQ 5482 1789,548739,178727,51.487879,0.140939
82,17,Lesnes Abbey,"Leatherbottle Lane, Belvedere",,DA17 5DY,Bexley,,,,TQ 5487 1788,547894,178838,51.489096,0.128821
76,11,Gilbert Road,"Gilbert Road, Belvedere",,DA17 5DF,Bexley,,,,TQ 5489 1791,548985,179162,51.49173,0.144658
94,28,Ripley Road,"Ripley Road, Belvedere",,DA17 5HH,Bexley,,,,TQ 5489 1789,548985,178916,51.489511,0.144554
96,30,Sheldons,"Fairfield Road, Bexleyheath",,DA7 4QE,Bexley,,,,TQ 5486 1761,548539,176218,51.465387,0.137002
71,6,Church Road,"Hudson Road, Bexleyheath",,DA7 4DT,Bexley,,,,TQ 5485 1762,548675,176103,51.464321,0.138911
103,0,Birchen Grove (off Blackbird Hill),"Kingsbury, London",NW9 8SE,NW9 8DG,Brent,,,,,520773,187056,51.569402,-0.258789
104,0,Bovingdon Avenue (near Stonebridge Park Stn),"Wembley, Middlesex",HA9 6DH,HA9 6EZ,Brent,,,,,519500,184487,51.546577,-0.278027
105,0,Bridge Road,"Neasden, London",NW10 9DG,NW10 9DG,Brent,,,,,521148,184792,51.54897,-0.254158
106,0,Cecil Avenue (bottom of London Road),"Wembley, Middlesex",HA9 7DY,HA9 7DY,Brent,,,,,518595,184941,51.550851,-0.290916
107,0,Clifford Road,"Alperton, Wembley, Middlesex",HA0 1AE,HA0 1AE,Brent,,,,,517615,183804,51.540837,-0.305424
108,0,Dog Lane (Woodheyes Road),"Neasden, London",NW10 9DE,NW10 9DE,Brent,,,,,521081,185016,51.550998,-0.255048
109,0,Dors Close,"Kingsbury, London",NW9 1TT,NW9 8DN,Brent,,,,,520680,187410,51.572599,-0.260012
110,0,Elms Gardens (off Elms Park Avenue),"Sudbury, Middlesex",HA0 2NK,HA0 2RT,Brent,,,,,515960,185610,51.557411,-0.328683
111,0,Furness Road,"Entrance in Harlesden Lane or behind Club in Estate Road, Kensal Rise, London",NW10 3SN,NW10 3SJ,Brent,,,,,522188,183664,51.538606,-0.239567
112,0,Gibbons Road (off Bridge Road),"Neasden, London",NW10 9BR,NW10 8HE,Brent,,,,,520895,184583,51.547149,-0.257877
113,0,Gladstone Park Gardens (off Broadfield Close),"Dollis Hill, London",NW2 6NR,NW2 6NS,Brent,,,,,523048,186089,51.560219,-0.226319
114,0,Kinch Grove,"Kenton, Harrow, London",HA9 9SQ,HA9 9TF,Brent,,,,,518620,187834,51.576844,-0.289573
115,0,Leighton Gardens,Kensal Rise,,NW10 3PR,Brent,,,,,522970,183470,51.536695,-0.228361
116,0,Longstone Avenue (North End),"Harlesden, London",NW10 3UE,NW10 3UG,Brent,,,,,521828,184166,51.5432,-0.244579
117,0,Lyon Park Avenue,"Wembley, Middlesex",HA0 4DZ,HA0 4DZ,Brent,,,,,518668,184495,51.546829,-0.290017
118,0,Nutfield Road,"Dollis Hill, Neasden, London",NW2 7EA,NW2 7BZ,Brent,,,,,522122,186343,51.562703,-0.23958
119,0,Old Kenton Lane,"Kingsbury, London",NW9 9ND,NW9 9ND,Brent,,,,,519909,188609,51.583537,-0.270718
120,0,Sudbury Court Road,"Harrow, Middlesex",HA1 3SD,HA0 2QS,Brent,,,,,516125,186152,51.56225,-0.326131
121,0,Tenterden Close (end of Preston Way),"Harrow, Middlesex",HA3 0QG,HA3 0QG,Brent,,,,,518060,187470,51.573693,-0.29778
122,0,Tower Road (off Pound Lane),"Willesden, London",NW10 2HP,NW10 2HP,Brent,,,,,522295,184375,51.544971,-0.237772
123,0,Townsend Lane,"(Elthorne Way), Kingsbury, London",NW9 8BL,NW9 8BN,Brent,,,,,520876,188083,51.578604,-0.256947
124,0,Vale Farm,"Watford Road, Sudbury, Middlesex",HA0 3HG,HA0 3HF,Brent,,,,,516697,185858,51.559484,-0.317973
125,0,Woodfield Avenue (Entrance in East Lane),"North Wembley, Middlesex",HA0 3TP,HA0 3QR,Brent,,,,,517319,186096,51.561497,-0.30893
179,1,Antrim Grove,,,NW3 4TR,Camden,,,,,527459,184870,51.548284,-0.163158
182,2,Fitzroy Park,,,N6 6HU,Camden,,,,,527800,187192,51.569072,-0.157405
181,3,Branch Hill,,,NW3 6RJ,Camden,,,,,526107,186233,51.560833,-0.182171
186,4,Westcroft Estate,,,NW2 2RL,Barnet,,,,,524313,185765,51.55703,-0.208191
191,1,Hartley Down,,,CR8 4HL,Croydon,,,,,530568,160193,51.325805,-0.127448
193,2,Mickleham Way,,,CR0 0PN,Croydon,,,,,538771,163205,51.35093,-0.008615
194,3,Midday Sun,,,CR5 3BE,Croydon,,,,,528988,159478,51.319736,-0.150364
196,4,Orchard Avenue,,,CR0 7PZ,Croydon,,,,,536208,166614,51.382179,-0.044083
197,5,Pampisford Road,,,CR2 6WB,Croydon,,,,,531714,162811,51.349069,-0.110041
201,6,Sanderstead,,,CR2 0JA,Croydon,,,,,533195,161883,51.340377,-0.089128
241,0,Lime Trees 1 Allotments,"Laughton Road, Northolt",,UB5 5AS,Ealing,,,,,512001,183543,51.539632,-0.386424
242,0,Lime Trees 2 Allotments,"Hawtrey Avenue, Northolt",,UB5 5JB,Ealing,,,,,511816,183386,51.538258,-0.389141
225,0,Brighton Drive Allotments,"Lewes Close, Northolt",,UB5 4DQ,Ealing,,,,,513274,184699,51.549769,-0.367705
230,0,Dabbs Hill Allotments,"Dabbs Hill Lane, Northolt",,UB5 4BZ,Harrow,,,,,513009,185217,51.554477,-0.371358
245,0,Oldfield Allotments,"Carr Road, Northolt",,UB5 4RF,Ealing,,,,,514120,184344,51.546408,-0.355623
254,0,Stanley Avenue Allotments,"Stanley Avenue, Greenford",,UB6 8NW,Ealing,,,,,514264,183807,51.541552,-0.353722
260,0,Whitton Place Allotments,"Whitton Avenue East, Greenford",,UB6 0JU,Ealing,,,,,515616,185100,51.552898,-0.33381
238,0,Horsenden Allotments,"Melville Avenue, Greenford",,UB6 7QS,Ealing,,,,,515885,185086,51.552717,-0.329937
259,0,Whitton Drive Allotments,"Whitton Avenue East, Greenford",,UB6 0QQ,Ealing,,,,,516241,184938,51.551314,-0.324853
240,0,Jubilee Road Allotments,"Bilton Road, Greenford",,UB6 7HL,Ealing,,,,,516688,183875,51.541668,-0.318761
235,0,Greenford Hall Allotments,"Greenford Road, Greenford",,UB6 8RU,Ealing,,,,,514729,182842,51.532784,-0.347334
229,0,Costons Lane Allotments,"Costons Lane, Greenford",,UB6 8SP,Ealing,,,,,514605,182302,51.527956,-0.349296
253,0,Stanhope Park Allotments,"Oldfield Lane, Greenford",,UB6 9LD,Ealing,,,,,514331,182550,51.530241,-0.353164
222,0,Braund Avenue Allotments,"Ruislip Road, Southall",,UB6 9QQ,Ealing,,,,,513574,182461,51.529593,-0.364101
261,0,Windmill Lane Allotments,"Windmill Lane, Greenford",,UB6 9DZ,Ealing,,,,,514134,181887,51.524322,-0.356217
244,0,Mansell Road Allotments,"Mansell Road, Greenford",,UB6 9EP,Ealing,,,,,513664,181884,51.524389,-0.36299
232,0,Durdans Park Allotments,"Lady Margaret Road, Southall",,UB1 2PQ,Ealing,,,,,512690,181773,51.523587,-0.377059
231,0,Dormers Wells Allotments,"Brindley Way, Southall",,UB1 3JJ,Ealing,,,,,513784,180891,51.51544,-0.361582
236,0,Hayes Bridge Allotments,"Beaconsfield Road, Southall",,UB1 1DE,Ealing,,,,,511742,180232,51.509924,-0.391207
243,0,Manor Way Allotments,"Manor Way, Southall",,UB2 5HS,Ealing,,,,,511539,178829,51.497354,-0.394574
258,0,Western Road Allotments,"Western Road, Southall",,UB2 5JE,Ealing,,,,,511673,178885,51.497831,-0.392626
262,0,Wolf Fields Allotments,"Norwood Road, Southall",,UB2 4JS,Ealing,,,,,512810,178685,51.495808,-0.376318
220,0,Bixley Fields Allotments,"Merrick Road, Southall",,UB2 4NY,Ealing,,,,,512882,179039,51.498975,-0.375168
246,0,Perivale West Allotments,"Stockdove Way, Perivale",,UB6 8TJ,Ealing,,,,,515787,182721,51.531481,-0.332127
237,0,High Lane Allotments,"High Lane, W7",,W7 3RT,Ealing,,,,,514653,181537,51.521071,-0.348853
233,0,Framfield Allotments,"Dryden Avenue, W7",,W7 1EW,Ealing,,,,,515761,181091,51.516836,-0.333037
223,0,Brent Meadow Allotments,"Brentvale Avenue, Southall",,UB1 3ES,Ealing,,,,,514943,180258,51.509516,-0.345092
219,0,Billets Hart Allotments,"Green Lane, W7",,W7 2PF,Ealing,,,,,515023,179743,51.504871,-0.344108
221,0,Blondin Allotments,"Boston Manor Road, Brentford",,TW8 9LG,Ealing,,,,,516646,178784,51.49592,-0.32105
218,0,Ascott Allotments,Liverpool Road,,W5 4LB,Ealing,,,,,517937,179654,51.503471,-0.302171
248,0,Popes Lane Allotments,Beech Gardens,,W5 4AF,Ealing,,,,,518055,179506,51.502117,-0.300521
250,0,South Road Allotments,Chilton Avenue,,W5 4RU,Ealing,,,,,517927,178933,51.496993,-0.302556
256,0,Village Park Allotments,Popes Lane,,W5 4JU,Ealing,,,,,518000,179270,51.500007,-0.301392
247,0,Pitshanger Allotments,Perivale Gardens,,W13 0AY,Ealing,,,,,516365,182338,51.52792,-0.323924
224,0,Brentham Allotments,Lynwood Road,,W5 1AQ,Ealing,,,,,517730,182595,51.529947,-0.30417
227,0,Cleveley Crescent Allotments,Cleveley Crescent,,W5 1DX,Ealing,,,,,518321,183149,51.534803,-0.295468
228,0,Connell Crescent Allotments,Connell Crescent,,W5 3BF,Ealing,,,,,518929,182286,51.526919,-0.286997
234,0,Great Western Allotments,Horn Lane,,W3 0JQ,Ealing,,,,,519876,181251,51.517417,-0.273705
226,0,Carbury Avenue Allotments,"Gunnersbury Avenue, Ealing",,W3 9AL,Ealing,,,,,518909,179744,51.504077,-0.288143
239,0,Jerome Allotments,Osborne Road,,W3 8RF,Ealing,,,,,519785,179566,51.502292,-0.275587
249,0,South Acton Allotments,Palmerston Road,,W3 8TT,Ealing,,,,,520101,179227,51.499178,-0.271152
252,0,St Dunstan's Allotments,East Acton Lane,,W3 7ES,Ealing,,,,,521162,180751,51.512649,-0.255351
251,0,St Andrew's Allotments,St Andrews Road,,W3 7NR,Ealing,,,,,521403,181233,51.516929,-0.251714
255,0,The Crescent Allotments,The Crescent,,W3 7PB,Ealing,,,,,521029,181230,51.516982,-0.257103
257,0,Western Avenue Allotments,Western Avenue,,W3 0PL,Ealing,,,,,520327,182068,51.524664,-0.266929
217,0,Private Site,,,W3 7LE,Ealing,,,,,521276,180273,51.508329,-0.253873
205,0,Private Site,,,W3 7BE,Ealing,,,,,521419,180311,51.508639,-0.251801
206,0,Private Site,,,W3 7JD,Ealing,,,,,521385,180587,51.511127,-0.252195
207,0,Private Site,,,W3 7LP,Ealing,,,,,520839,180449,51.510004,-0.260107
208,0,Private Site,,,W3 0JP,Ealing,,,,,519201,181046,51.515717,-0.283498
209,0,Private Site,,,W3 0JS,Ealing,,,,,519578,181359,51.518451,-0.277961
210,0,Private Site,,,W3 0JY,Ealing,,,,,519698,181414,51.51892,-0.276213
211,0,Private Site,,,W3 0AT,Ealing,,,,,519756,181473,51.519438,-0.275358
212,0,Private Site,,,W3 7TU,Ealing,,,,,521066,181083,51.515653,-0.25662
213,0,Private Site,,,NW10 7HH,Ealing,,,,,518591,182806,51.531664,-0.291693
214,0,Private Site,,,UB6 9LZ,Ealing,,,,,514023,182819,51.532721,-0.357515
215,0,Private Site,,,W13 9JT,Ealing,,,,,516783,180117,51.507872,-0.318637
216,0,Private Site,,,W13 9UJ,Ealing,,,,,516495,179118,51.498953,-0.323114
298,36,Weir Hall Allotments,"Great Cambridge Road, Edmonton",N18,N18 1AT,Enfield,,,A,,532525,191962,51.61085,-0.087464
296,34,Tanners Hall Allotments,"Statham Grove, Edmonton",N18,N18 1QS,Enfield,,,A,,533108,192466,51.615238,-0.07887
272,16,Church Street Allotments (1),"Ainsley Close, Edmonton",N9,N9 9SH,Enfield,,,A,,533175,194286,51.631577,-0.077202
273,17,Church Street Allotments (2),"Cedar Court, Edmonton",N9,N9 9AG,Enfield,,,A,,533456,194240,51.631101,-0.073166
274,18,Church Street Allotments (4),"Great Cambridge Road, Edmonton",N9,N9 9LD,Enfield,,,B,,533546,194343,51.632008,-0.071828
266,12,Barrowfield Allotments,"Plevna Road, Edmonton",N9 0NA,N9 0HB,Enfield,,,A,,534798,193353,51.622813,-0.054132
287,27,Houndsfield Road Allotments,"Hertford Road, Edmonton",N9 7RA,N9 7RD,Enfield,,,A,,534734,194615,51.634166,-0.054562
278,21,E.P.F (AY),"Ladysmith Road, Enfield",EN1 3AA,EN1 3SP,Enfield,,,A,,533697,196753,51.653629,-0.068731
279,22,E.P.F. (CA),"Carterhatch Lane, Enfield",EN1 3AA,EN1 3AG,Enfield,,,B,,534012,197536,51.660584,-0.063872
293,31,Sketty Road Allotments,"Sketty Road, Enfield",EN1 3AA,EN1 3SQ,Enfield,,,B,,533875,196684,51.652959,-0.066185
284,25,Goat Lane Allotments,"Goat Lane, Enfield",EN1 4UB,EN1 4UD,Enfield,,,A,,534010,198157,51.666171,-0.063663
275,4,Clay Hill Allotments,"Clay Hill, Enfield",EN2,EN2 9AW,Enfield,,,B,Leased,533041,198474,51.669245,-0.077547
285,6,Gough Park Allotments,"Forty Hill, Enfield",EN2,EN2 9EG,Enfield,,,B,Leased,533500,198357,51.668086,-0.070961
289,7,Links Side Allotments,"Slades Hill, Enfield",EN2,EN2 7QJ,Enfield,,,B,Leased,531393,196879,51.655297,-0.101958
270,14,Chaselands Allotments,"Shooters Road, Enfield",EN2,EN2 8RL,Enfield,,,A,,531589,198122,51.666427,-0.098665
276,19,Cooks Hole Allotments,"Cooks Hole Road, Enfield",EN2,EN2 0UD,Enfield,,,B,,531782,198420,51.669058,-0.095762
288,28,Lavender Gardens Allotments,"Cedar Road, Enfield",EN2,EN2 0TP,Enfield,,,B,,531804,197992,51.665203,-0.095602
297,35,Trentwood Side Allotments,"Trentwood Side, Enfield",EN2,EN2 7ES,Enfield,,,B,,530853,196940,51.655971,-0.109744
282,5,Falcon Fields Allotments,"Church Road, Ponders End, Enfield",EN3,EN3 4LP,Enfield,,,B,Leased,535635,195329,51.640365,-0.041275
280,23,Elliots Field Allotments,"Aspen Way, Freezywater, Enfield",EN3,EN3 6TU,Enfield,,,B,,535815,199577,51.678496,-0.037029
290,29,Newbury Avenue Allotments,"Newbury Avenue, Enfield Lock, Enfield",EN3,EN3 6EE,Enfield,,,B,,536638,198434,51.668023,-0.025575
295,33,Sunny Road Allotments,"Sunny Road, Enfield Highway, Enfield",EN3,EN3 5DN,Enfield,,,B,,535941,197563,51.660366,-0.035999
264,3,Aylands Allotments,"Larmans Road, Freezywater, Enfield",EN3 6QP,EN3 6QX,Enfield,,,B,Leased,535355,199291,51.676039,-0.043786
286,26,Green Street Allotments,"Burncroft Avenue, Enfield",EN3 7JQ,EN3 7JQ,Enfield,,,A,,535518,196962,51.655065,-0.042338
263,2,Alma Road Allotments,"Alma Road, Enfield Highway, Enfield",EN3 7AT,EN3 7BB,Enfield,,,B,Leased,536165,196344,51.649359,-0.033226
291,11,Oakwood North Allotments,"Reservoir Road, Oakwood",N14,N14 4BE,Enfield,,,A,Site Managed,529267,195634,51.644606,-0.133141
268,9,Bowes Road Allotments,"Bowes Road, Palmers Green",N13,N13 4RY,Enfield,,,B,Site Managed,530473,191997,51.611645,-0.117073
281,24,Fairbrook Allotments,"Princes Avenue, Palmers Green",N13,N13 6HQ,Enfield,,,A,,531644,192180,51.613012,-0.100098
283,10,Farndale Avenue  Allotments,"Farndale Avenue, Palmers Green",N13 5AJ,N13 5AE,Enfield,,,B,Site Managed,532064,193293,51.622914,-0.09362
265,8,Barrowell Green Allotments,"Farndale Avenue, Palmers Green",N21 3BA,N21 3BE,Enfield,,,A,Site Managed,531890,193444,51.624312,-0.096073
292,30,Raith Avenue Allotments,"Raith Avenue, Southgate",N14 7DU,N14 7AG,Enfield,,,B,,529724,193006,51.620879,-0.127509
267,1,Bourne Allotments,"The Bourne, Southgate",N14,N14 6NN,Enfield,,,A,Bee Keeping,530221,193889,51.628699,-0.120011
294,32,Southgate Chase Allotments,"Chase Road, Southgate",N14,N14 4QX,Enfield,,,A,,529413,195439,51.642818,-0.131107
271,15,Cheyne Walk Allotments,"Cheyne Walk, Winchmore Hill",N21 1DF,N21 1DD,Enfield,,,A,,531622,195888,51.646343,-0.099034
277,20,Deepdene Court Allotments,"Deepdene Court, Winchmore Hill",N21 2NH,N21 2HE,Enfield,,,B,,531752,195272,51.640777,-0.09739
269,13,Carpenter Gardens Allotments,"Carpenter Gardens, Winchmore Hill",N21 3HJ,N21 3HQ,Enfield,,,B,,531943,193750,51.627055,-0.095192
316,14,Restell Close,,,SE3 7UQ,Greenwich,,,,,539356,177761,51.481589,0.005504
315,18,Prior Street,,,SE10 8SF,Greenwich,,,,,538255,177137,51.47625,-0.010592
308,10,Gavestone,,,SE12 9BT,Greenwich,,,,,540906,173583,51.443663,0.026136
304,6,Crathie Road West,,,SE12 8UX,Greenwich,,,,,540695,174551,51.452409,0.023487
303,5,Crathie Road East,,,SE12 8BT,Greenwich,,,,,540842,174473,51.451677,0.025583
305,7,Dallin,,,SE18 3HW,Greenwich,,,,,544132,177414,51.477272,0.074094
306,8,Dot Hill,,,SE18 2TQ,Greenwich,,,,,544523,177388,51.47694,0.079707
300,2,Church Manorway,,,SE28 0GW,Greenwich,,,,,545995,179154,51.492437,0.101621
302,4,Cooks Farm,,,SE2 0RH,Greenwich,,,,,546261,178107,51.482956,0.105016
310,12,Humber,,,SE3 7LX,Greenwich,,,,,539882,177966,51.4833,0.013148
311,13,Kidbrooke,,,SE3 9PX,Greenwich,,,,,540692,175971,51.465176,0.024012
299,1,Cherry Orchard,,,SE7 7DU,Greenwich,,,,,541127,177399,51.477895,0.030848
309,11,Highcombe,,,SE7 7HT,Greenwich,,,,,540872,177799,51.481559,0.027328
312,15,Middle Park,,,SE9 5QQ,Greenwich,,,,,542229,173446,51.442103,0.045109
307,9,Eltham Palace,,,SE9 5EY,Greenwich,,,,,542284,174174,51.448629,0.046195
313,16,Parkview,,,SE9 3QR,Greenwich,,,,,543722,172895,51.436768,0.066363
314,17,Pippenhall,,,SE9 2PF,Greenwich,,,,,543948,174468,51.450853,0.070252
301,3,Coldharbour,The Course,,SE9 3EX,Greenwich,,,,,543410,172043,51.429197,0.061523
319,0,Leaside Road,entrance at west side of railway bridge over Leaside Road,E5 9,E5 9HL,Hackney,,,,,535122,187187,51.567324,-0.05182
320,0,Overbury Street,corner of Overbury Street and Rushmore Road,E5 0,E5 0BE,Hackney,,,,,535940,185828,51.554916,-0.040555
322,0,Spring Hill,north west corner of sports field,E5 9,N16 6BL,Hackney,,,,,534361,187914,51.574032,-0.062518
323,0,Spring Lane,entrance on footpath at side of River Lea,E5 9,E5 9HQ,Hackney,,,,,534882,187482,51.570033,-0.055171
321,0,Queensbridge Road,at rear of 326 Queensbridge Road,E8 3,E8 3GX,Hackney,,,,,533872,184496,51.54344,-0.070876
317,0,Aden Terrace,entrance at north end of Clissold Crescent,N16 9,N16 9DP,Hackney,,,,,532555,186011,51.557359,-0.089281
318,0,Church Walk,entrance at south end of Church Walk,N16 8,N16 8QR,Hackney,,,,,532945,185651,51.554034,-0.0838
325,0,St Kilda's Road,entrance at rear of 57 St Kilda's Road,N16 5,N16 5NR,Hackney,,,,,532982,187099,51.567037,-0.082713
324,0,Springdale Road,entrance between 40 and 44 Springdale Road  ,N16 9,N16 9NS,Hackney,,,,,532685,185694,51.554482,-0.087533
331,4,Creighton Avenue,,,N10 1NU,Haringey,,,,,528322,190272,51.596633,-0.148757
336,9,Golf Course,,,N11 2AS,Haringey,,,,,529232,191136,51.604189,-0.135309
343,16,Ranelagh Road,,,N22 7TN,Haringey,,,,,530646,190581,51.598878,-0.115098
352,25,Wolves Lane,,,N13 6AG,Haringey,,,,,531603,191590,51.607724,-0.100913
351,24,White Hart Lane,,,N17 7JJ,Haringey,,,,,532135,191281,51.60482,-0.093355
345,18,Rivulet Road,,,N17 7JU,Haringey,,,,,532486,191228,51.604265,-0.088305
344,17,Rectory Farm,,,N17 8LT,Haringey,,,,,532783,191598,51.607519,-0.083884
330,3,Courtman Road,,,N17 7HT,Haringey,,,,,532312,191051,51.602712,-0.090884
349,22,Stockton Road,,,N17 7HX,Haringey,,,,,532145,191123,51.6034,-0.093273
333,6,De Quincey Road,,,N17 7DG,Haringey,,,,,532706,190976,51.601949,-0.085233
337,10,Gospatrick Road,,,N17 7EE,Haringey,,,,,532540,190817,51.600551,-0.087683
332,5,Creighton Road,,,N17 8JS,Haringey,,,,,533337,191260,51.604346,-0.076024
341,14,Marsh Lane,,,N17 0UX,Haringey,,,,,535116,190942,51.601063,-0.050467
338,11,Higham Road,,,N17 6NL,Haringey,,,,,532778,189961,51.592806,-0.084575
340,13,Mannock Road,,,N22 6AD,Haringey,,,,,531936,189816,51.591702,-0.096775
328,1,Alexandra Park & Nursery,,,N10 3SW,Haringey,,,,,529338,189546,51.589874,-0.134361
339,12,Highgate,,,N6 4ND,Haringey,,,,,527769,188187,51.578025,-0.157488
329,2,Aylmer Road,,,N2 0BT,Haringey,,,,,527629,188493,51.580803,-0.159402
346,19,Shepherds Hill,,,N6 5RE,Haringey,,,,,529152,188392,51.579547,-0.137473
347,20,Shepherds Hill Railway Gds,,,N6 5TF,Haringey,,,,,528887,188004,51.57612,-0.141426
342,15,Quernmore Road,,,N4 4QT,Haringey,,,,,531183,188195,51.577307,-0.108242
350,23,The Grove & Railway Bank,,,N8 9EQ,Haringey,,,,,530510,188072,51.576359,-0.117994
335,8,Franklin Street,,,N15 6JA,Haringey,,,,,533090,188246,51.577324,-0.080722
334,7,Elmar Road,,,N15 5DH,Haringey,,,,,532913,189046,51.584554,-0.08298
348,21,South Grove,,,N15 5QL,Haringey,,,,,532843,188720,51.581639,-0.084112
353,0,Bishop Ken,"Entrance between 39-41 Bishop Ken Road, Harrow Weald",HA3 7HU,HA3 7HU,Harrow,,,,,515694,190434,51.600825,-0.33093
354,0,Chandos Recreation Ground,"Park entrance and car park is on Camrose Avenue, Edgware",HA8 6BX,HA8 6JE,Harrow,,,,,518825,190880,51.604178,-0.285598
355,0,Church Fields - Harrow-on-the-Hill,"A very small site at rear of Trafalgar Terrace, Harrow-on-the-Hill",HA1 3EU,HA1 3EU,Harrow,,,,,515050,187432,51.57397,-0.341203
356,0,Cuckoo Hill - Cranbourne Drive,"Enter from Cranbourne Drive, Pinner HA5 1BX, near the junction with West End Lane",HA5 1BX,HA5 1BU,Harrow,,,,,511724,189048,51.589164,-0.388675
357,0,Greenhill,"Entrances on Richards Close and between 31-33 Grange Road, Harrow",HA1 2PP,HA1 2PR,Harrow,,,,,516074,188613,51.584381,-0.326054
358,0,Headstone (streetmap),"One entrance in Pinner View near the junction with Parkside Way and one at another park entrance off Parkside Way, Harrow",HA2 6DB,HA2 6DG,Harrow,,Trading hut on site and thriving Horticultural Association,,,514105,189394,51.5918,-0.354201
359,0,Isolation Hospital,"Entrance from Chichester Court, Stanmore HA7 1DX, off Honeypot Lane near Queensbury Circle roundabout",HA7 1DX,HA7 1HA,Harrow,,,,,518477,189963,51.596012,-0.290922
360,0,Kenton Lane,one entrance between 608-610 Kenton Lane HA3 7LG and one by the side of Vernon lodge in Vernon Drive,HA3 7LG,HA3 7LG,Harrow,,,,,516112,190706,51.603186,-0.324813
361,0,Kenton Recreation Ground,"Small site in the Recreation Ground with entry from Becmead Avenue or Carlton Avenue, Kenton HA3 8AX",HA3 8AX,HA3 8EY,Harrow,,,,,516693,188791,51.585846,-0.317053
362,0,Kingsley Road North,"Site entrance at side of 32 Melrose Road, Pinner HA5 5RA",HA5 5RA,HA5 5RA,Harrow,,email: jrctmsmith@aol.com,,,513007,189074,51.589147,-0.370147
363,0,Kingsley Road South,"Entrance between 77-81 Woodlands, North Harrow",HA2 6EN,HA2 7LE,Harrow,,Water on site,,,513214,188981,51.588271,-0.367196
364,0,Lincoln Road,One entrance in Lincoln Road HA2 7RQ near junction with Northumberland Road and one off the footpath to Yeading Brook,HA2 7RQ,HA2 7RQ,Harrow,,,,,513129,188701,51.58577,-0.368508
365,0,Marshalls,"Entrance from Marshall Close, Harrow HA1 4DH - off Lascelles Avenue",HA1 4DH,HA1 4BH,Harrow,,,,,514533,187713,51.576605,-0.348569
366,0,Melbourne Avenue,"Enter by gate off Melbourne Avenue, Pinner HA5 5SJ",HA5 5SJ,HA2 6NN,Harrow,,,,,513616,189996,51.597306,-0.361062
367,0,Montesoles,"Entrance next to Montesoles Playing Fields, off the Uxbridge Road, Pinner HA5 3LW",HA5 3LW,HA5 3SA,Harrow,,,,,511447,190215,51.599714,-0.392297
368,0,Newton Park East,"Entrance on west side of Alexandra Avenue, Rayners Lane",HA2 9DX,HA2 9UJ,Harrow,,Trading hut on adjacent west site,,,513214,186869,51.569288,-0.367864
369,0,Newton Park West,"Entrance on east side of Alexandra Avenue, Rayners Lane HA2 9DX",HA2 9DX,HA2 9DY,Harrow,,Trading hut on site,,,512915,186862,51.56928,-0.372193
370,0,Northolt Road,"This site is entered by gate in Cowen Avenue, South Harrow HA2 0LU",HA2 0LU,HA2 0LX,Harrow,,,,,514464,186535,51.566028,-0.349953
371,0,Orchard Grove (streetmap),"Reached from Repton Road and Winckley Close, Kingsbury HA3 9QW",HA3 9QW,HA3 9QR,Harrow,,,,,518877,188984,51.587125,-0.285483
372,0,Park View,"One entrance off Anselm Road and another by a gate in Woodridings Avenue, Pinner HA5 4NQ",HA5 4NQ,HA5 4LL,Harrow,,,,,513000,190918,51.605715,-0.369655
373,0,Paulhan Road,"Paulhan Road North is reached by side of 52 Paulhan Rd; Paulhan Road South is reached by 71 Paulhan Rd, Kenton HA3 9AS",HA3 9AS,HA3 9AH,Harrow,,,,,517560,189411,51.591242,-0.304339
374,0,Pinner Village,"Enter by a gate between 65-69 Village Way or another between 93-95 Village Way, Pinner HA5 5AA",HA5 5AA,HA2 9TA,Harrow,,,,,512590,187637,51.57631,-0.376629
375,0,Pleasant Place,"Behind flats in Lower Road; the entrance is by 2 Shaftesbury Avenue, Harrow HA2 0PH",HA2 0PH,HA2 0PH,Harrow,,,,,514583,186966,51.569884,-0.348094
376,0,Rayners Mead,"Double gated entrance between 129-131 Imperial Drive, North Harrow HA2 7HW",HA2 7HW,HA2 7HW,Harrow,,,,,513279,187878,51.578342,-0.366602
377,0,Roxeth,Situated within Roxeth Recreation Ground Entrance by gate and by footpath from Wood End Avenue HA2 8NT,HA2 8NT,HA2 8LF,Harrow,,,,,514272,185859,51.559996,-0.352934
378,0,Streamside (streetmap),"Entrance by hand gate from Whittington Way, and between 22-24 Church Avenue HA5 5JQ",HA5 5JQ,HA5 5JY,Harrow,,,,,512614,188410,51.583257,-0.376025
379,0,Vernon Drive (streetmap),"Entry adjacent to 9-10 Vernon Court, Stanmore HA7 2BN across the green",HA7 2BN,HA7 2BT,Harrow,,,,,516440,190926,51.60509,-0.320007
380,0,Wakehams Hill (streetmap),"Small site with double gate at end of Wakehams Hill, Pinner HA5 3BQ",HA5 3BQ,HA5 5SS,Harrow,,,,,513012,189636,51.594199,-0.369895
381,0,West Harrow Large Site,"Entrance by path beside West Harrow Station, past Vaughan School, Vaughan Road, Harrow HA1 4EL",HA1 4EL,HA2 7AS,Harrow,,Trading hut on site with active Horticultural Association,,,513811,187961,51.578982,-0.358915
382,0,West Harrow Small Site,"Entrance opposite West Harrow Station, The Gardens, Harrow HA1 4HE",HA1 4HE,HA1 4EY,Harrow,,Trading hut on neighbouring Large Site with thriving Horticultural Association,,,514315,188143,51.580515,-0.351582
383,0,Weston Drive,"Enter by gates between 23-25 Weston Drive, Stanmore HA7 2EX on the left from Belmont Circle past Bellamy Drive",HA7 2EX,HA7 2EX,Harrow,,Trading hut on site with thriving Horticultural Society,,,516756,190685,51.602857,-0.315525
384,0,Yeading Avenue,"Access is by the gate between 95-97 Yeading Avenue, Harrow HA2 9RJ",HA2 9RJ,HA2 9RJ,Harrow,,Trading hut on site with thriving Horticultural Society,,,512050,187081,51.57142,-0.384585
385,0,Archibald Road Allotments,"Archibald Road, Upminster",,RM3 0RH,Havering,,,,,555088,190556,51.592461,0.237525
386,0,Ashvale Gardens Allotments,"Ashvale Gardens, Upminster",,RM14 3LX,Havering,,,,,557431,186561,51.555916,0.269519
387,0,Bretons Farm Allotments,"Fontayne Avenue, South Hornchurch",,RM13 7TB,Havering,,,,,551399,184229,51.536613,0.181583
388,0,Chase Cross Allotments,"Chase Cross Road, Collier Row",,RM5 3RA,Havering,,,,,550119,191382,51.601224,0.166197
389,0,Church Road Allotments,"Off Church Road, Elm Park",,RM3 0SJ,Havering,,,,,555131,191176,51.598013,0.238411
390,0,Dunningford Allotments,"St. Andrews Avenue, Elm Park",,RM12 4PA,Havering,,,,,551851,185454,51.547502,0.188614
391,0,Grey Towers North Allotments,"Grey Towers Avenue, Hornchurch",,RM11 1JH,Havering,,,,,553461,187426,51.56478,0.212682
392,0,Grey Towers South Allotments,"Lyndhurst Drive, Hornchurch",,RM11 1JE,Havering,,,,,553431,187299,51.563647,0.212188
393,0,Havering Grange Allotments,"Ashvale Gardens, Collier Row",,RM5 3QA,Havering,,,,,550907,192119,51.607631,0.177882
394,0,Heath Park Allotments,"Balmoral Road, Gidea Park",,RM2 5XD,Havering,,,,,552728,189007,51.579181,0.2028
395,0,Keats Avenue Allotments,"Keats Avenue, Romford",,RM3 7AY,Havering,,,,,552572,191340,51.600192,0.201571
396,0,MacDonald Avenue Allotments,"MacDonald Avenue, Emerson Park",,RM11 2PA,Havering,,,,,554607,189542,51.583475,0.230133
397,0,Macon Way Allotments,"Macon Way, Hornchurch",,RM14 1NX,Havering,,,,,557516,188046,51.569236,0.271414
398,0,Maylands Allotments,"Albany Road, Hornchurch",,RM12 4AE,Havering,,,,,552365,187187,51.56293,0.196774
399,0,Melville Road Allotments,"Melville Road, Rainham",,RM13 9TY,Havering,,,,,552603,182167,51.517761,0.198027
400,0,Mungo Park Allotments,"Mungo Park Road, South Hornchurch",,RM13 7NP,Havering,,,,,552190,184895,51.542386,0.193266
401,0,Norfolk Road Allotments,"Derby Avenue, Hornchurch",,RM14 2NS,Havering,,,,,555152,186320,51.554377,0.236573
402,0,Pretoria Road Allotments,"Pretoria Road, Romford",,RM7 7AX,Havering,,,,,550053,188728,51.577396,0.164109
403,0,Robin Close Allotments,"Robin Close, Chase Cross",,RM5 3UE,Havering,,,,,550572,191313,51.600486,0.172694
404,0,Saffron Road Allotments,"Saffron Road, Rise Park",,RM5 3ER,Havering,,,,,550515,190279,51.591207,0.171428
405,0,Sheffield Drive Allotments,"Sheffield Drive, Harold Hill",,RM3 9YB,Havering,,,,,555385,192417,51.6091,0.242623
406,0,Sowery Avenue Allotments,"Sowery Avenue, South Hornchurch",,RM13 7LB,Havering,,,,,552000,184693,51.54062,0.19044
407,0,Stewart Avenue allotments,"Stewart Avenue, Hornchurch",,RM14 2LH,Havering,,,,,555492,186178,51.553007,0.241412
408,0,Strathmore Gardens Allotments,"Strathmore Gardens, Hornchurch",,RM12 4BH,Havering,,,,,551922,187231,51.563444,0.190416
409,0,Uphavering Terrace Allotments,"Sunrise Avenue, Hornchurch",,RM12 4XR,Havering,,,,,553133,186659,51.557976,0.207619
410,0,White Hart Lane Allotments,"Mawney Road, Romford",,RM7 7BB,Havering,,,,,550001,189094,51.580702,0.16351
426,1,Hill End,,,UB9 6UX,Hillingdon,,,,,504942,191486,51.612383,-0.485806
436,2,Poor Lane,,,UB9 6EP,Hillingdon,,,,,505558,190930,51.607266,-0.47707
418,3,Church Hill,,,UB9 6DQ,Hillingdon,,,,,504967,190250,51.60127,-0.485813
427,4,Hill House,,,UB9 6BB,Hillingdon,,,,,504966,189249,51.592269,-0.486122
417,6,Chestnut Avenue,,,HA6 1HU,Hillingdon,,,,,509693,190441,51.602083,-0.417535
424,5,Highfield Crescent,,,HA6 2QH,Hillingdon,,,,,509214,190841,51.60577,-0.424331
437,7,Rodney Gardens,,,HA5 2BS,Hillingdon,,,,,511000,189412,51.592579,-0.399004
430,8,Meadway,,,HA4 7TG,Hillingdon,,,,,508818,188129,51.58147,-0.430891
435,9,Pinn Way,,,HA4 7AU,Hillingdon,,,,,509187,187542,51.576128,-0.425748
425,10,Highgrove,,,HA4 8RN,Hillingdon,,,,,510529,187949,51.579528,-0.40626
438,12,Southbourne Gardens,,,HA4 8UG,Hillingdon,,,,,510678,187260,51.573299,-0.404327
423,11,Heathfield Rise,,,HA4 7LZ,Hillingdon,,,,,508241,187390,51.574945,-0.439438
429,13,Ickenham Green,,,UB10 8LU,Hillingdon,,,,,507918,186861,51.570253,-0.444258
445,14,West End Road,,,HA4 6HA,Hillingdon,,,,,509406,186672,51.568268,-0.422854
419,15,Field End Road,,,HA4 9HA,Hillingdon,,,,,511693,186681,51.567899,-0.389865
420,16,Glebe Avenue,,,UB10 8PF,Hillingdon,,,,,508466,185779,51.560419,-0.43669
439,17,Stafford Road,,,HA4 6PB,Hillingdon,,,,,509517,185628,51.558858,-0.421577
441,18,The Fairway,,,HA4 0LX,Hillingdon,,,,,511570,185897,51.560873,-0.391884
413,19,Barnsfield Place,,,UB8 2UW,Hillingdon,,,,,505089,184062,51.545629,-0.485901
428,20,Honeycroft Hill,,,UB10 9LY,Hillingdon,,,,,506693,184443,51.548751,-0.462665
446,21,Western Avenue,,,UB10 9AE,Hillingdon,,,,,507916,184691,51.550747,-0.444947
421,23,Grosvenor Avenue,,,UB4 8NP,Hillingdon,,,,,509639,183251,51.537467,-0.420564
442,22,Uxbridge Industrial,,,UB8 2JX,Hillingdon,,,,,504818,182735,51.533746,-0.490193
432,24,Peachy Lane,,,UB8 3RY,Hillingdon,,,,,505869,181828,51.525396,-0.475331
433,25,Pield Heath,,,UB8 3US,Hillingdon,,,,,507152,181843,51.525294,-0.456838
422,26,Hayes End,,,UB4 8DS,Hillingdon,,,,,509045,182017,51.526495,-0.42951
414,27,Belmore,,,UB4 0EJ,Hillingdon,,,,,510141,182036,51.52645,-0.413701
416,28,Carlyon Road,,,UB4 0NR,Hillingdon,,,,,511269,181641,51.522683,-0.397575
412,29,Ashford Avenue,,,UB4 0ND,Hillingdon,,,,,512061,181166,51.518254,-0.386312
447,30,Wood End Green,,,UB3 2RG,Hillingdon,,,,,509066,181554,51.52233,-0.42934
411,31,Acacia Avenue,,,UB7 8FB,Hillingdon,,,,,506686,180431,51.512689,-0.463972
444,32,West Drayton Depot,,,UB7 9NU,Hillingdon,,,,,506770,179401,51.503417,-0.463074
443,33,West Drayton Cemetery,,,UB7 9NH,Hillingdon,,,,,506394,179076,51.500568,-0.46859
415,34,Bourne Road,,,UB3 1PN,Hillingdon,,,,,507987,179094,51.500424,-0.445637
440,35,Station Road,,,UB3 4JW,Hillingdon,,,,,509517,178749,51.497032,-0.42372
431,36,Moor Lane,,,UB7 0AS,Hillingdon,,,,,505324,177849,51.489732,-0.484367
434,37,Pinglestone Close,,,UB7 0DL,Hillingdon,,,,,506223,177051,51.482392,-0.471668
479,1,Evershot Road,,,N4 3PT,Islington,,,,,530774,187252,51.568929,-0.114498
481,2,Quill Street,,,N4 2AE,Islington,,,,,531435,186324,51.560436,-0.105314
480,3,Monsell Road,,,N4 2QS,Islington,,,,,531591,186343,51.560575,-0.103053
478,4,Arvon Road,,,N5 1PJ,Islington,,,,,531481,185338,51.551569,-0.105024
482,1,Addison Gardens,"Top of Addison Gardens, off Lower Marsh Lane in Surbiton",,KT5 8DR,Kingston upon Thames,,,,,519034,168075,51.39917,-0.29026
483,23,Addison Gardens Extension,"Top of Addison Gardens, off Lower Marsh Lane in Surbiton",,KT5 8DW,Kingston upon Thames,,,,,519016,168189,51.400197,-0.290488
486,2,Churchfields,"Opposite 145 Church Lane in Chessington, next to St Mary’s Church",,KT9 2DH,Kingston upon Thames,,,,,518442,163602,51.359091,-0.300255
487,3,Dickerage Road,"Dickerage Rd, near the roundabout off Clarence Ave",,KT3 3UA,Kingston upon Thames,,,,,520257,169240,51.409388,-0.2723
489,4,Grange Road,"Hogsmill Walk, between Waterspalsh Close & Grange Road in Kingston",,KT1 2TA,Kingston upon Thames,,,,,518196,168816,51.406007,-0.302054
490,5,Groveland Way,"Between 47 & 49 Groveland way, near Green Lane in New Malden",,KT3 5EY,Kingston upon Thames,,,,,520382,167822,51.396614,-0.270982
492,6,Kingshill Avenue,Between 104 & 102 Kingshill Avenue in Worcester Park,,KT4 8DF,Kingston upon Thames,,,,,522528,167041,51.389134,-0.240423
493,7,Kingston Road,"Kingston Road, next to Kingstonian FC and the recreation ground",,KT3 3RX,Kingston upon Thames,,,,,519729,168614,51.403867,-0.280095
495,8,Knollmead,"Knollmead, by the Sunray Community Centre in Tolworth",,KT5 9QP,Kingston upon Thames,,,,,520357,165861,51.378996,-0.272002
496,9,Ladywood Road,"Ladywood Road, Largewood Avenue and Cranbourne Ave in Tolworth",,KT6 7PD,Kingston upon Thames,,,,,519308,165547,51.37639,-0.28718
498,10,Moor Lane,"Moor Lane, near Gilders Road in Chessington",,KT9 2AF,Kingston upon Thames,,,,,519114,163886,51.361507,-0.290524
499,21,Park Road,"Top of Park Road, near Ham Gate",,KT2 5NB,Kingston upon Thames,Tudor Allotments Association,,,,518870,171344,51.428592,-0.291533
500,11,Parkfields,"Parkfields Rd, off Park Rd in Kingston",,KT2 5LL,Kingston upon Thames,,,,,518797,171103,51.42644,-0.292661
501,12,Raeburn Avenue,"Stirling Walk, between 164 & 162 Raeburn Avenue in Surbiton",,KT5 9EB,Kingston upon Thames,,,,,519725,167214,51.391291,-0.280621
502,13,Tolworth Main,"Kings Charles Road, next to Alexandra Recreation Ground in Tolworth",,KT5 9JJ,Kingston upon Thames,,,,,519447,166518,51.385095,-0.284857
503,14,Wilverley Crescent,"Wilverley Crescent and Amberwood Rise, off Malden Road",,KT3 5LN,Kingston upon Thames,,,,,521448,167108,51.389975,-0.25591
484,15,Alric Avenue,"Alric Avenue & Cambridge Avenue, off Coombe Lane, New Malden",,KT3 4JS,Kingston upon Thames,,,,,521678,169024,51.40714,-0.25195
485,16,Beverley Park,"Parkview, next to Beverley Park, New Malden",,KT3 4AT,Kingston upon Thames,,,,,522095,168468,51.402057,-0.246144
488,17,Elm Road,"Elm Road, off Clarence Avenue in New Malden",,KT3 3HT,Kingston upon Thames,,,,,520661,169041,51.40751,-0.266565
491,18,Hook Leisure Gardens Assoc.,"Hook Road, rear of Kings Edwards Recreation Ground",,KT9 1DP,Kingston upon Thames,,,,,517797,165239,51.373944,-0.308978
494,19,Kingston Vale,"Off Robin Hood Way, next to Coombe Hill golf course",,SW15 3QH,Kingston upon Thames,,,,,521269,171086,51.425763,-0.257129
497,20,Maldon Manor,Manor Drive North in Old Malden,,KT3 5PB,Kingston upon Thames,,,,,520642,166825,51.387595,-0.267587
504,22,Wolsey Drive,"Wolsey Drive & Cardinal Avenue, near Tiffin Girls School",,KT2 5RY,Kingston upon Thames,Tudor Allotments Association,,,,518307,170977,51.425405,-0.299738
510,0,Lorn Road Allotments,"Lorn Road, Stockwell",SW9,SW9 0AD,Lambeth,,,,,531023,176520,51.472427,-0.114894
512,0,Rosendale Allotments,Rosendale Road,SE24,SE21 8LA,Lambeth,,,,,532142,173306,51.443283,-0.099994
511,0,Lyham Road Allotments,"Lyham Road, Brixton Hill",SW2,SW2 5PY,Lambeth,,,,,530313,174426,51.453771,-0.125878
513,0,Streatham Vale Allotments,Streatham Vale,SW16,SW16 5SR,Lambeth,,,,,529436,169908,51.413367,-0.140148
515,0,Vauxhall Allotments,"Tyers Street, Vauxhall",SE11,SE11 5HS,Lambeth,,,,,530686,178207,51.487663,-0.119126
516,0,Ballamore/Shroffold,332 Shroffold Road,BR1 5JF,BR1 5LS,Lewisham,,,,,540327,172146,51.430896,0.017244
517,0,Barmeston Road,Fordmill Road,SE6 3JG,SE6 3BP,Lewisham,,,,,537557,172981,51.439078,-0.022253
518,0,Blackhorse Road,Blackhorse Road,SE8 5NX,SE8 5HZ,Lewisham,,,,,536191,177893,51.483547,-0.040007
519,0,Blythe Hill,Blythe Hill Lane,SE6 4UN,SE6 4UN,Lewisham,,,,,536634,173684,51.445613,-0.035252
520,0,Broadmead,55 Broadmead,SE6 3TQ,SE6 3TJ,Lewisham,,,,,537569,172500,51.43475,-0.022257
521,0,Castillon Road,4 Cruthchley Road,SE6 1PZ,SE6 1QA,Lewisham,,,,,539362,172752,51.436577,0.00361
522,0,Chinbrook Meadows,212 Mayeswood Road,SE12 9SB,SE12 9SB,Lewisham,,,,,541435,171511,51.424913,0.032924
523,0,Clarendon Rise,18 Dermody Road,SE13 5HB,SE13 5HB,Lewisham,,,,,538632,174925,51.456284,-0.006037
524,0,Dacre Park,13 Boone Road,SE13 5SD,SE13 5SJ,Lewisham,,,,,539462,175404,51.460381,0.006092
525,0,Deloraine Street,10 Albyn Road,SE8 4EF,SE8 4QH,Lewisham,,,,,537081,176645,51.47212,-0.027668
526,0,Edward Street,"Edward Street, opposite Milton Court Road",SE14 6DS,SE14 6JW,Lewisham,,,,,536352,177279,51.477988,-0.037924
527,0,Exford Road,32 Exford Road,SE12 9HD,SE12 9HD,Lewisham,,,,,540798,172869,51.437273,0.024306
528,0,Firhill Road,147 Firhill Road,SE6 3SH,SE6 3SH,Lewisham,,,,,537171,171837,51.428883,-0.028246
529,0,Hazlebank,63 Hafton Road,SE6 1LW,SE6 1TL,Lewisham,,,,,539342,172889,51.43781,0.003385
530,0,Hurstbourne Road,99 Hurstbourne Road,SE23 2AQ,SE23 2SG,Lewisham,,,,,536520,172912,51.438703,-0.037183
531,0,Jim Hurren,71 Overdown Road,SE6 3ET,SE6 3ET,Lewisham,,,,,537729,171939,51.429665,-0.020178
532,0,Kendale Road,Kendale Road,BR1 4NH,BR1 4NA,Lewisham,,,,,539173,170994,51.420826,0.000208
533,0,Knapmill Way,39 Brookhowse Road,SE6 3TS,SE6 3TS,Lewisham,,,,,537827,171634,51.426902,-0.018894
534,0,Lee and District Land Club,320 Baring Road,SE12 0DS,SE12 0DS,Lewisham,,,,,540458,172561,51.43459,0.019299
535,0,Leslie Silk,48 Overdown Road,SE6 3ET,SE6 3EN,Lewisham,,,,,537466,171776,51.428267,-0.024019
536,0,Longton Nursery,Markwell Close,SE26 6QF,SE26 6QE,Lewisham,,,,,534833,171867,51.429717,-0.061847
537,0,Meadow Close,25 Meadow Close,SE6 3NW,SE6 3NW,Lewisham,,,,,537326,171295,51.423982,-0.026226
538,0,Oldstead Road,54 Oldstead Road,BR1 5RD,BR1 5RN,Lewisham,,,,,538730,171771,51.427911,-0.005854
539,0,Priestfield Road,Priestfield Road,SE23 2RS,SE23 2RT,Lewisham,,,,,536312,172337,51.433592,-0.040395
540,0,Romborough Gardens,7 Romborough Gardens,SE13 6NT,SE13 6NT,Lewisham,,,,,538218,174850,51.455712,-0.012009
541,0,Royal Naval Place Stage I,Amersham Vale,SE14 6LF,SE14 6LE,Lewisham,,,,,536701,177259,51.477722,-0.032908
542,0,Royal Naval Place Stage II,Amersham Vale,SE14 6LF,SE14 6LH,Lewisham,,,,,536657,177303,51.478128,-0.033524
545,0,St Mildreds Road,58 St Mildred’s Road,SE12 0RF,SE12 0NG,Lewisham,,,,,539693,173647,51.444539,0.008728
543,0,Sedgehill Road,112 Sedgehill Road,SE6 3QY,SE6 3QN,Lewisham,,,,,537497,171255,51.423577,-0.023782
544,0,Slaithwaite Road,Slaithwaite Road,SE13 6DL,SE13 6LY,Lewisham,,,,,538270,175171,51.458585,-0.011145
546,0,Stanley Street,Stanley Street/ Mornington Road,SE14 6LD,SE8 4BT,Lewisham,,,,,536853,177216,51.477298,-0.030729
547,0,Sydenham Park,82 Sydenham Park,SE26 4DP,SE26 4DJ,Lewisham,,,,,535366,172235,51.432894,-0.054033
548,0,Taylors Lane,63 Taylors Lane,SE26 6QL,SE26 6QL,Lewisham,,,,,534593,171766,51.428867,-0.065332
549,0,Trewsbury Road,20 Trewsbury Road,SE26 5DW,SE26 5DL,Lewisham,,,,,535742,171186,51.42338,-0.049038
550,0,Weavers Estate,114 Engleheart Road,SE6 2ET,SE6 2ET,Lewisham,,,,,538237,173438,51.443014,-0.012291
551,0,Windlass Place,56 Carteret Way,SE8 3QA,SE8 3QA,Lewisham,,,,,536451,178655,51.490327,-0.035958
558,7,Eastfields Road Allotments,"Eastfields Road, Mitcham",,CR4 2LR,Merton,,,,,528311,169317,51.408314,-0.156528
560,9,Eveline Road Allotments,"Eveline Road, Mitcham",,CR4 3LE,Merton,,,,,527734,169600,51.410983,-0.164722
566,15,New Barnes Avenue Allotments,"New Barnes Avenue, Mitcham",,CR4 1LJ,Merton,,,,,529658,168156,51.397576,-0.13759
567,16,Phipps Bridge Allotments,"Phipps Bridge Road, Mitcham",,CR4 4DJ,Merton,,,,,526471,168424,51.400706,-0.183289
568,17,Tamworth Farm Allotments,"Rose Avenue, Mitcham",,CR4 3JY,Merton,,,,,527734,169943,51.414067,-0.164589
570,19,Western Road Allotments,"Western Road, Mitcham",,SW19 2QJ,Merton,,,,,526902,169513,51.41039,-0.17671
554,3,Canon Hill Common Allotments,"Cannon Hill Lane, SW20",,SW20 9HE,Merton,,,,,523686,168389,51.401001,-0.223316
569,18,Thurleston Avenue Allotments,"Thursleston Avenue, Morden",,SW20 9HQ,Merton,,,,,524000,167928,51.396793,-0.218965
565,14,Martin Way Allotments,"Martin Way, SW20",,SW20 9NT,Merton,,,,,523881,168956,51.406058,-0.220322
553,2,Cannizaro Park Allotments,"Westside Common, SW19",,SW19 4UW,Merton,,,,,522947,171060,51.425169,-0.233003
555,4,Cottenham Park Allotments,"Cottenham Park, SW20",,SW20 0PL,Merton,,,,,522321,169768,51.413686,-0.242458
556,5,"Durnsford Road ""B"" Allotments","Durnsford Road, SW19",,SW19 8HQ,Merton,,,,,525787,171543,51.428882,-0.192005
564,13,Havelock Road Allotments,"Havelock Road, SW19",,SW19 8HB,Merton,,,,,526144,171312,51.426733,-0.186958
562,10,Georges Hill Allotments West,"Holne Chase, Morden",,SM4 5QB,Merton,,,,,525136,167004,51.388233,-0.202966
552,1,Brooklands Avenue,"Brooklands Avenue, SW18",,SW19 8ER,Merton,,,,,525703,172690,51.439216,-0.192814
563,12,Haslemere Avenue,"Haslemere Avenue, SW18",,SW18 4RU,Merton,,,,,525825,172909,51.441151,-0.190975
559,8,Effra Road Allotments,"Effra Road, Wimbledon",,SW19 8PT,Merton,,,,,525751,170897,51.423086,-0.192753
572,0,Connaught,"North of Royal Albert Road, West of Stansfeld Road",E15,E16 3RD,Newham,,,,,542098,180958,51.509633,0.046242
575,0,Leyes Rd,North of Victoria Dock Road,E16,E16 1JR,Newham,,,,,541577,180956,51.509751,0.038747
573,0,Cyprus (Pennyroyal Ave),"North of Royal Avenue, South of Manor Way",E6,E6 5NR,Newham,,,,,543511,181186,51.511325,0.066691
571,0,Bridle Path (Colchester Ave),"South of Aldersbrook Lane, North of Romford Road",E12,E12 5JR,Newham,,,,,542862,186038,51.555089,0.059306
577,0,S Beckton,"South of Frobisher Road, North of Porter Road and Savage Gardens",E6,E6 5PW,Newham,,,,,542839,181361,51.513067,0.057078
578,0,St Marys,"North of St Mary's Road, East of May Road, West of Plaistow Park",E13,E13 9JT,Newham,,,,,540940,183444,51.532267,0.03057
574,0,Folkestone,"South of Jenkins Lane, North of Newham Way",E6,E6 6BB,Newham,,,,,543722,182885,51.526539,0.070424
576,0,Manor Gardens,Waterden Road,E15,E3 2PD,Hackney,,,,,537570,184703,51.544411,-0.017492
589,0,LINCOLN ROAD,,,E18 2NE,Redbridge,COUNCIL,,,,540020,190578,51.596599,0.020151
579,0,BARLEY LANE,,,IG3 8FE,Redbridge,COUNCIL,,,,546329,188205,51.573674,0.110185
581,0,CHADWELL HEATH LANE,,,RM6 4LB,Redbridge,COUNCIL,,,,547745,188059,51.571994,0.130542
582,0,CHIGWELL ROAD,,,E18 1DP,Redbridge,COUNCIL,,,,541196,190798,51.598283,0.037207
583,0,EMPRESS AVENUE,,,E12 5HW,Redbridge,COUNCIL,,,,541942,186948,51.5635,0.046415
588,0,HORN lANE,,,IG8 9AF,Redbridge,COUNCIL,,,,540784,191362,51.603454,0.031488
590,0,LOXFORD LANE,,,IG1 2UU,Redbridge,COUNCIL,,,,544773,185533,51.550066,0.086647
593,0,REDBRIDGE LANE,,,E11 2LB,Redbridge,COUNCIL,,,,541326,188493,51.577538,0.038152
594,0,RODING LANE NORTH,,,IG8 8NJ,Redbridge,COUNCIL,,,,542357,190980,51.599626,0.054031
599,0,UPLANDS ROAD,,,IG8 8JW,Redbridge,COUNCIL,,,,541996,191021,51.600086,0.048839
598,0,UPLANDS ROAD,,,IG8 8PG,Redbridge,COUNCIL,,,,541864,191020,51.60011,0.046934
595,0,RODING LANE SOUTH,,,IG4 5PF,Redbridge,SOCIETY,,,,541594,189017,51.582179,0.042231
601,0,WANSTEAD PARK ROAD,,,IG1 3TY,Redbridge,COUNCIL,,,,542039,187774,51.570898,0.048147
597,0,THORNTON ROAD,,,IG1 2ER,Redbridge,SOCIETY,,,,543553,185627,51.551223,0.069102
586,0,GOODMAYES LANE,,,IG3 9PW,Redbridge,SOCIETY,,,,546413,186214,51.555763,0.110567
600,0,VICARAGE LANE,,,IG1 4FE,Redbridge,SOCIETY,,,,544891,187198,51.565,0.089038
580,0,BENTON ROAD NORTH,,,IG2 7AB,Redbridge,SOCIETY,,,,544899,187576,51.568392,0.089305
602,0,WARDS ROAD NORTH,,,IG2 7EL,Redbridge,SOCIETY,,,,544898,187875,51.571079,0.089413
587,0,HAINAULT ROAD,,,RM6 5SR,Redbridge,SOCIETY,,,,546737,189515,51.585339,0.116615
592,0,PAINTERS ROAD,,,RM6 5SR,Redbridge,SOCIETY,,,,546736,189707,51.587065,0.116681
591,0,NEW NORTH ROAD,,,IG6 3BN,Redbridge,SOCIETY,,,,545462,191557,51.604018,0.099071
584,0,FOREST FARM,,,IG6 3BH,Redbridge,SOCIETY,,,,545171,191184,51.600741,0.094717
596,0,THE GLADE,,,IG5 0NQ,Redbridge,COUNCIL,,,,542686,190772,51.597674,0.058694
603,0,WARDS ROAD SOUTH,,,IG2 7AD,Redbridge,SOCIETY,,,,544889,187701,51.569517,0.089212
585,0,FULLWELL AVENUE,,,IG6 2HW,Redbridge,SOCIETY,,,,544238,190548,51.595266,0.080994
629,0,Alscot Road allotments,,,SE1 3EU,Southwark,,,,,533784,179075,51.494741,-0.0742
630,0,Aylesbury Road allotments,,,SE17 2EH,Southwark,,,,,532837,178226,51.487332,-0.08815
631,0,Bermondsey,Tenda Road,SE16,SE16 3PN,Southwark,,,,,534611,178566,51.489971,-0.062484
632,0,Bonar Road,,SE15,SE15 5JY,Southwark,,,,,534085,177083,51.476767,-0.07062
633,0,Caspian Street allotments,,,SE5 7JL,Southwark,,,,,532629,177316,51.479207,-0.091487
634,0,Gun Site,,SE22,SE26 6RY,Southwark,,,,,534193,172591,51.436372,-0.070772
635,0,Dunstans Road,,SE22,SE22 0PD,Southwark,,,,,534571,174187,51.450629,-0.064732
636,0,Fielding Street,,SE17 3EE,SE17 3HE,Southwark,,,,,532245,177958,51.485068,-0.096765
637,0,Friern Road,,,SE22 0BY,Southwark,,,,,534350,174542,51.453876,-0.067776
638,0,Grange Lane,,SE22,SE21 7LH,Southwark,,,,,533805,172577,51.436339,-0.076359
639,0,Lamlash Street,,SE11,SE11 4TG,Southwark,,,,,531701,178915,51.493791,-0.104248
640,0,Lordship Lane,,SE22,SE23 3PS,Southwark,,,,,534488,173058,51.4405,-0.066351
641,0,Lynton Road,,,SE1 5DR,Southwark,,,,,534500,178500,51.489405,-0.064108
642,0,Marcia Road allotments,,,SE1 5NH,Southwark,,,,,533380,178619,51.490738,-0.080186
643,0,Stuart Road Allotments,,,SE15 3JR,Southwark,,,,Nunhead Reservoir allotments,535364,175215,51.459681,-0.052929
644,0,One Tree Hill,Honor Oak,SE22,SE23 3LB,Southwark,,,,,535651,174227,51.450728,-0.049172
645,0,Reverdy Road allotments,,,SE1 5QE,Southwark,,,,,534064,178786,51.492075,-0.070279
646,0,St James Rd & Lynton Rd East & West,,,SE1 5DA,Southwark,,,,,534442,178523,51.489626,-0.064927
647,0,Underhill Road,,SE22,SE22 0BZ,Southwark,,,,,534333,174550,51.453949,-0.068011
688,0,Mudchute Allotment Society,East Ferry Road,E14,E14 9NQ,Tower Hamlets,,,,,537986,179425,51.49688,-0.013564
691,0,Stepping Stones Farm Allotments,Stepney Way,E1 3DG,E1 3DG,Tower Hamlets,,,,,535844,181643,51.517332,-0.04355
687,0,Cable Street Community Gardens,"Cable Street and Glamis Road, Bromley by Bow",E1,E1 0EL,Tower Hamlets,,,,,535422,181012,51.511761,-0.049867
690,0,Reeves Road Allotment Society,"Purdy Street, Bromley by Bow",E3,E3 3PG,Tower Hamlets,,,,,537696,182461,51.524232,-0.016553
689,0,Prospect Walk Allotment Society,Canary Wharf,E14,E14 9US,Tower Hamlets,,,,,538062,178784,51.491095,-0.012729
685,0,Ackroyd Drive Allotments,Land between Ackroyd Drive and Railway Arches,E3,E3 4AS,Tower Hamlets,,,,,536832,181864,51.519073,-0.029242
717,0,Pimp Hall,Kings Road,E4,E4 7HR,Waltham Forest,,,,,538920,193847,51.626243,0.005569
719,0,Ruckholt Road,Ruckholt Close,E10,E10 5NX,Waltham Forest,,,,,537863,186006,51.556044,-0.012762
720,0,Seymour Road,Seymour Road,E10,E10 7LZ,Waltham Forest,,,,,536850,187254,51.567511,-0.026882
721,0,Simmons Lane,Simmons Lane,E4,E4 6PD,Waltham Forest,,,,,538795,193660,51.624595,0.0037
722,0,Sinnott Road,Gurney Close,E17,E17 5PJ,Waltham Forest,,,,,535727,190717,51.598899,-0.041737
723,0,Southwest Road,Southwest Road,E11,E11 4AN,Waltham Forest,,,,,538822,187333,51.56774,0.00158
725,0,Suffield Hatch,Suffield Road,E4,E4 9TX,Waltham Forest,,,,,537875,193047,51.619317,-0.009833
727,0,Wickham Road,Wickham Road,E4,E4 9JR,Waltham Forest,,,,,538303,191441,51.604774,-0.004278
728,0,Willow Tree,Chingford Road,E17,E4 8SB,Waltham Forest,,,,,537346,191452,51.605109,-0.018091
695,0,Brookfield,Alders Avenue,IG8,IG8 9PU,Waltham Forest,,,,,539104,191799,51.607798,0.007414
698,0,Cheshire Fields,St James Park,E17,E17 8AX,Waltham Forest,,,,,536004,188203,51.576236,-0.038715
699,0,Chestnuts Farm,Forest Road,E17,E17 4NQ,Waltham Forest,,,,,537599,190021,51.592189,-0.014994
708,0,Hoxton Manor,Chingford Road?,E4,E4 8SH,Waltham Forest,,,,,537350,191379,51.604455,-0.018053
711,0,Low Hall Farm,Bridge Road,E17,E10 7NN,Waltham Forest,,,,,536367,187668,51.571343,-0.033687
718,0,Roding Farm,Nutter Lane? Not in WF,E11,E11 2BU,Redbridge,,,,,541322,189094,51.582942,0.038333
724,0,Statis,St Annes Larkshall Road,E4,E4 6NP,Waltham Forest,,,,,538650,192701,51.616012,0.001216
702,0,Forest Road,Forest Road,E17,E17 4AN,Waltham Forest,,,,,539010,189982,51.591496,0.005339
703,0,Hale End Road,Hale End Road,E17,E17 4DJ,Waltham Forest,,,,,538609,190518,51.596406,-0.000226
707,0,Honeybone,Low Hall Lane,E17,E17 8BU,Waltham Forest,,,,,536388,188302,51.577039,-0.033135
726,0,Trencherfield,Higham Hill Road,E17,E17 5QR,Waltham Forest,,,,,535853,190480,51.596741,-0.040005
692,0,Auckland Road,Auckland Road,E10,E10 5NL,Waltham Forest,,,,,537748,186195,51.557774,-0.014347
693,0,Bateman Road,Burnside Avenue,E4,E4 8YJ,Waltham Forest,,,,,537015,191911,51.609313,-0.022689
694,0,Beechwood,Larkshall Road,E4,E4 9HY,Waltham Forest,,,,,538646,192624,51.615327,0.001135
696,0,Browning Road,Browning Road,E11,E11 3AX,Waltham Forest,,,,,539788,187479,51.56881,0.015572
697,0,Cherrydown Close,Cherrydown Close,E4,E4 8DZ,Waltham Forest,,,,,536963,193255,51.621409,-0.022918
700,0,Dawlish Road,Dawlish Road,E10,E10 6PR,Waltham Forest,,,,,538329,186798,51.563053,-0.005733
701,0,Downsell Road,Downsell Road,E15,E15 2BU,Waltham Forest,,,,,538556,185746,51.553543,-0.002875
704,0,Hawkwood,Drysdale Avenue,E4,E4 7PD,Waltham Forest,,,,,537803,195319,51.639745,-0.00998
705,0,Higham Hill Common,Green Pond Road,E17,E17 5LT,Waltham Forest,,,,,536570,190170,51.593777,-0.02978
706,0,Hollywood Way,Hale End Road,E4,IG8 9LH,Waltham Forest,,,,,538804,191537,51.605517,0.002986
709,0,Kings Passage,Kings Road,E11,E11 1SG,Waltham Forest,,,,,539218,187684,51.570789,0.00744
710,0,Kings Road,Kings Road,E4,E4 7HP,Waltham Forest,,,,,538805,194149,51.628987,0.004036
712,0,Low Hall Lane,Low Hall Lane,E17,E17 8BU,Waltham Forest,,,,,536404,188256,51.576619,-0.032928
713,0,Markhouse Common,Queens Road,E17,E17 8PJ,Waltham Forest,,,,,536877,188218,51.576161,-0.026112
714,0,Mount Avenue,Alpha Road,E4,E4 6TB,Waltham Forest,,,,,537679,193068,51.619555,-0.012642
715,0,Mulberry Close,Mulberry Close,E4,E4 7SW,Waltham Forest,,,,,537368,193850,51.626656,-0.016825
716,0,Oliver Road,Osier Way,E10,E10 5TP,Waltham Forest,,,,,537469,186494,51.560529,-0.018247
648,1,Beddington Park Allotment,"Car Park behind Beddington Park Cottages; Church Road, Beddington, SM6 7NN",SM6 7NN,SM6 7NN,Sutton,,,,,529628,165443,51.373198,-0.139012
649,2,Belmont Allotment,"Cotswold Road and Brighton Road Sutton; Cotswold Road, Belmont,SM2 5NL",SM2 5NL,SM2 5NG,Sutton,,,,,525766,162285,51.345682,-0.195589
650,3,Benhill Road Allotment,"By 168 Benhill Road, 15 Erskin Road and 2 Hillview Road Sutton; Benhill Road, Sutton, SM1 3RP",SM1 3RP,SM1 3SA,Sutton,,"2 Trading huts, 1 toilet, tool shed",,,526603,165175,51.371471,-0.182554
651,4,Buckland Way Allotment,"By 160 Buckland Way and 99 Boscome Road; Buckland Way, Worcester Park, KT4 8NP",KT4 8NP,KT4 8NR,Sutton,,Trading hut,,,523183,166328,51.382584,-0.231256
652,5,Bushey Meadow Allotment,"Bushey Lane by bus garage; Bushey Lane, Sutton, SM1 1QL",SM1 1QL,SM1 1QL,Sutton,,,,,525441,164968,51.369869,-0.199304
653,6,Bute Road Allotment,"By 323 Croydon Road & 46 Bute road.Entrance to other half of site is opposite 37 Bute Road; Bute Road, Wallington, SM6 8AE",SM6 8AE,SM6 8BU,Sutton,,Trading hut,,,529000,164678,51.366471,-0.148317
654,7,Bute Road Orchard Allotment,"By Holy Trinity Church Junior School Wallington,; Bute Road, Wallington, SM6 8AE",SM6 8AE,SM6 8DH,Sutton,,,,"30/3/04 Boundary fence with Bond Gardens from school to No. 54 is LBS owned, DW",529310,164819,51.36766,-0.14381
655,8,Central Road Allotment,"Through Stone place car park at rear of superstore; Stone Place, Worcester Park, KT4 8DX",KT4 8DX,KT4 8EW,Sutton,,,,,522340,165741,51.377495,-0.24357
656,9,Chaucer Road Allotment,"Righthand end Milton Rd; Milton Road, Sutton, SM1 2QR",SM1 2QR,SM1 2RB,Sutton,,,,,525341,164915,51.369418,-0.200765
657,10,Cheam Court Allotment,"By Bell Public House; Ewell Road, Cheam, SM3 8AA",SM3 8AA,SM3 8AA,Sutton,,,,,523943,163324,51.355419,-0.221384
664,11,Forge Lane,"Forge Lane, side of Railway public house; Forge Lane, off Station Way, Cheam, SM3 8SH",SM3 8SH,SM3 8SH,Sutton,,,,No water at this site,524199,163319,51.355322,-0.217716
658,12,Cheam Park Nursery Allotment,"Rear of Cheam Park Depot; Tudor Close, Cheam, SM3 8QS",SM3 8QS,SM3 8QS,Sutton,,"2 disabled toilets, Old potting shed,old store / shed, pergola",,,523869,163865,51.360306,-0.222265
659,13,Cheam Park Paddock Allotment,"Through Cheam Park car park or footpath opposite 9 Tudor Close; Tudor Close, Cheam, SM3 8QS",SM3 8QS,SM3 8QJ,Sutton,,,,,524049,163856,51.360184,-0.219686
660,14,Clensham Lane Allotment,"Side of Clensham Court; Clensham Lane, Sutton, SM1 2NG",SM1 2NG,SM3 9PX,Sutton,,,,,525250,165841,51.377762,-0.201738
661,15,Culvers Avenue Allotment,"64 Senga road & by bridge Culvers Avenue; Culvers Avenue, Carshalton, SM6 7BQ",SM6 7BQ,SM6 7BD,Sutton,,,,,528116,166113,51.379561,-0.16048
662,16,Demesne Road Allotment,"By 84 Demesne Road & 69 Rookwood Avenue; Demesne Road, Wallington, SM6 8EN",SM6 8EN,SM6 8EY,Sutton,,,,,529682,164380,51.36363,-0.138631
663,17,Duke Street Allotment,"Duke Street; Duke Street, Sutton,SM1 3RU",SM1 3RU,SM1 3RT,Sutton,,,,,526510,164785,51.367992,-0.184029
665,18,Fryston Avenue Allotment,"By 35 Fryston Avenue; Fryston Avenue, Coulsdon, CR5 2PT",CR5 2PT,CR5 2PT,Sutton,,,,,528641,160020,51.324684,-0.155142
666,19,Gander Green Allotment,"By 208 Gander Green Lane and 263 Collingwood Road; Collingwood Road, Sutton, SM1 2HE",SM1 2HE,SM1 2HE,Sutton,,Trading hut,,,524927,165096,51.371135,-0.206646
667,20,Goose Green Allotment,"opposite The Harvest Home Pub adjacent to Lawmans; Beddington Lane, Beddington, SM6 7NN",SM6 7NN,CR0 4SQ,Sutton,,,,,530257,165324,51.371986,-0.130034
668,21,Green Wrythe Lane Allotment,"Opposite 106 Green Wrythe Lane; Green Wrythe Lane, Carshalton, SM5 2DR",SM5 2DR,SM5 2AR,Sutton,,Trading hut,,,527417,165531,51.37449,-0.170734
669,0,Greenshaw Farm Allotment,"By 123 and 167 Ridge Road, Ridge Road, North Cheam;",SM3 9LZ,SM3 9LW,Sutton,,,,Site taken over by Estates & Valuation August 2006.,524657,166002,51.379333,-0.210207
670,23,Lavender Road Allotment,"By 5/7 Lavender Close; Lavender Close, Carshalton, SM5 3EH",SM5 3EH,SM5 3EF,Sutton,,,,,528462,164593,51.365828,-0.156067
671,24,Mill Green Allotment,"End of Service Road side /rear Mill Green Bisiness Park; Mill Green Road, Hackbridge, CR4 4HT",CR4 4HT,CR4 4NW,Sutton,,,,,528084,166783,51.385594,-0.160701
672,25,Perretts Field Allotment,"By public footpath beside 81Gander Green Lane; Gander Green Lane, Sutton, SM1 2EP",SM1 2EP,SM1 2EP,Sutton,,,,,524866,164296,51.363958,-0.207792
673,26,Priory Crescent Allotment,"By 42 Priory Crescent; Priory Crescent, Cheam, SM3 8LT",SM3 8LT,SM3 8LU,Sutton,,,,,523927,164772,51.368441,-0.221118
674,27,Pylbrook Triangle Allotment,"By 1 Pylbrook Road; Pylbrook Road, Sutton, SM1 1QZ",SM1 1QZ,SM1 1QY,Sutton,,,,,525526,165185,51.371797,-0.198012
675,28,Ridge Road Allotment,"By 184 Ridge Road, 33 Burleigh Road & 24 Beeches Road; Ridge Road, North Cheam, SM3 l9LZ",SM3 9LZ,SM3 9NE,Sutton,,,,,524482,166145,51.380656,-0.21267
676,29,Roundshaw Allotment,"Opposite 214 Foresters Drive; Foresters Drive, Roundshaw, SM6 9LH",SM6 9LH,SM6 9LE,Sutton,,Old airport building,,,530319,162699,51.348384,-0.1301
677,30,Spencer Road Allotment,"Opposite 29 Spencer Road; Spencer Road, Hackbridge, CR4 4JX",CR4 4JX,CR4 4JP,Sutton,,,,,527943,166527,51.383326,-0.162825
678,31,StanleyRoad Allotment,"End of Fir Tree Grove, 20 Cranfield Road West and 28 Oaks  Way; Fir Tree Grove, Carshalton, SM5 4NG",SM5 4NG,SM5 4NB,Sutton,,"Trading hut, toilet",,"Piece of land adjacent to 24 Dingwall Road belongs to New Farm Estates, registered on 12 May 1934 at",527918,162966,51.351324,-0.164464
679,32,Wandle Road Allotment,"By Elmwood Close, rear of 42 Wandle Road; Wandle Road, Carshalton, SM6 7EN",SM6 7EN,SM6 7EN,Sutton,,,,,528514,165464,51.37364,-0.155004
680,33,Wandle Side Allotment,"By 19 Wandle Side; Wandle Side, Carshalton, SM6 7DW",SM6 7DW,SM6 7DW,Sutton,,,,,528556,165232,51.371543,-0.154491
681,34,Warren Allotment,"In Kings Lane opposite Fairview Road; Kings Lane, Carshalton, SM1 4PB",SM1 4PB,SM1 4PB,Sutton,,,,,526914,164033,51.361138,-0.17849
682,35,Watson Avenue Allotment,"By 2 Watson Avenue; Watson Avenue, North Cheam, SM3 9RE",SM3 9RE,SM3 9RE,Sutton,,,,,524334,165766,51.377287,-0.214931
683,36,Westmead Road Allotment,"End of drive by 33 Colston Avenue and opposite 39 Brookfield Avenue; Brookfield Avenue, Carshalton, SM5 2PH",SM5 2PH,SM1 3QT,Sutton,,"Trading hut, portacabin",,,527350,164880,51.368652,-0.171929
684,37,Wrights row Allotment,"Junction of Lavender Road, Wrights Row & Whitehall Place; Lavender Road, Carshalton, SM6 OTW",SM6 0TW,SM6 0TT,Sutton,,,,,528614,164592,51.365785,-0.153878
327,0,The Warren,,,SW6 6EA,Hammersmith and Fulham,,,,,524139,176224,51.471314,-0.214069
326,0,Emlyn Road,,,W12 9TF,Hammersmith and Fulham,,,,,521534,179226,51.498861,-0.250512
604,0,Briar Road A,Twickenham,,TW2 6PD,Richmond upon Thames,,,,JD-BRIAR,514885,173182,51.445931,-0.348232
609,0,Heath Gardens,Twickenham,,TW1 4NL,Richmond upon Thames,,,,JD-HEATH,515581,172904,51.443286,-0.338304
612,0,Marsh Farm,Twickenham,,TW1 4JB,Richmond upon Thames,,,,JD-RCRANE,515553,173497,51.448625,-0.33852
613,0,Mill Road,Twickenham,,TW2 6NJ,Richmond upon Thames,,,,JD-MILLRD,514322,172879,51.443318,-0.356428
621,0,Sixth Cross Road,Twickenham,,TW2 5PD,Richmond upon Thames,,,,J-SIXTHCROSS,514251,172164,51.436904,-0.35768
622,0,South Close,Twickenham,,TW13 6HH,Richmond upon Thames,,,,JD-SOUTHCLOSE,513323,172276,51.438101,-0.37099
605,0,Brook Road,Twickenham,,TW1 1JQ,Richmond upon Thames,,,,JD-CHERTSEY,516454,174393,51.456494,-0.32526
607,0,Cavendish House,Twickenham,,TW1 1HU,Richmond upon Thames,,,,JD-CAVENDISH,516280,174296,51.455656,-0.327796
619,0,Shacklegate Lane,Teddington,,TW11 8SF,Richmond upon Thames,,,,JD-SHACKLEGATE,515270,171692,51.432461,-0.343178
606,0,Bushy Park,Hampton,,TW12 2UA,Richmond upon Thames,,,,JD-BUSHYPARKALLOT,514272,170324,51.420362,-0.357972
608,0,Hatherop Road,Hampton,,TW12 2RG,Richmond upon Thames,,,,JD-HATHEROPR,512526,170198,51.419584,-0.383105
611,0,Manor Road,Richmond,,TW9 4QQ,Richmond upon Thames,,,,JD-MANOR,519189,175391,51.464894,-0.285585
614,0,Old Palace Lane,Richmond,,TW9 1PQ,Richmond upon Thames,,,,J-OLDPALACELANE,517378,174916,51.461001,-0.31179
617,0,Queens Road,Richmond,,TW10 6HW,Richmond upon Thames,,,,JD-RICHCEM,519184,174712,51.458796,-0.285872
627,0,Walnut Tree,Ham,,TW10 7QA,Richmond upon Thames,,,,JD-KINGGEORGE,517022,172797,51.442031,-0.317614
620,0,Short Lots,Kew,,TW9 3BG,Richmond upon Thames,,,,JD-BUSHWOOD,519364,177567,51.484412,-0.282331
626,0,Townmead,Kew,,TW9 4EN,Richmond upon Thames,,,,JD-KEWMEADOW,519974,176508,51.474765,-0.273908
623,0,St Annes Passage,Barnes,,SW13 8AA,Richmond upon Thames,,,,JD-RAIL,522768,177542,51.483463,-0.233331
628,0,Westfields,Barnes,,SW13 0PN,Richmond upon Thames,,,,JD-RAIL,521526,175815,51.468204,-0.251811
624,0,The Priory,East Sheen,,SW14 8EF,Richmond upon Thames,,,,JD-BEVERLEY,521261,175299,51.463624,-0.255789
610,0,Hertford Avenue,East Sheen,,SW14 8EH,Richmond upon Thames,,,,JD-HERT,521090,174968,51.460694,-0.258369
625,0,The Triangle,East Sheen,,SW14 8JG,Richmond upon Thames,,,,J-TRIANGLE,520691,175250,51.463314,-0.264013
616,0,Palewell Pavilion,East Sheen,,SW14 8JJ,Richmond upon Thames,,,,J-PALEWELL,520665,174968,51.460784,-0.264491
615,0,Palewell Fields,East Sheen,,SW14 8RE,Richmond upon Thames,,,,JD-SOUTHRD,521066,174801,51.459194,-0.25877
618,0,Royal Paddocks,"Park Road, Hampton Court",,KT1 4AZ,Richmond upon Thames,,,,,517220,169501,51.412365,-0.315863
473,29,Viola Avenue,West,,TW14 0EW,Hounslow,,,,,511099,174115,51.45507,-0.402391
451,30,Church Road,West,,TW13 6RL,Hounslow,,,,,511635,171417,51.430715,-0.39553
457,31,Fernside Avenue,West,,TW13 7DH,Hounslow,,,,,510855,171996,51.436072,-0.406565
467,32,Snakey Lane,West,,TW13 7ND,Hounslow,,,,,510465,171680,51.433308,-0.412272
459,33,Hatton Road,West,,TW14 9QZ,Hounslow,,,,,509337,174494,51.45882,-0.427624
466,21,Saxon Avenue,West,,TW13 5JL,Hounslow,,,,,512517,172934,51.444175,-0.382366
452,8,Church Walk,Isleworth and Brentford,,TW8 8ET,Hounslow,,,,,517234,177638,51.485498,-0.312964
475,9,Wellmeadow Road,Isleworth and Brentford,,W7 2AP,Hounslow,,,,,516163,178667,51.494967,-0.328043
463,10,Park Road,Isleworth and Brentford,,TW7 6AE,Hounslow,,,,,516735,176211,51.472776,-0.320619
453,11,Cole Park,Isleworth and Brentford,,TW7 7JN,Hounslow,,,,,516225,174615,51.458536,-0.328483
476,23,Westbrook Road,Heston and Cranford,,TW5 0LD,Hounslow,,,,,512867,177349,51.483788,-0.375924
448,25,Barnes Farm,Heston and Cranford,,UB2 5TJ,Hounslow,,,,,512306,178510,51.494335,-0.383631
474,28,Waye Avenue,Heston and Cranford,,TW4 6LB,Hounslow,,,,,510324,176263,51.474528,-0.412871
477,12,Worton Road,Central Hounslow,,TW7 6HJ,Hounslow,,,,,515099,175455,51.466316,-0.34441
460,16,Hounslow Avenue,Central Hounslow,,TW3 2HB,Hounslow,,,,,514147,174865,51.461205,-0.358299
464,17,Pear Tree Road,Central Hounslow,,TW3 1SP,Hounslow,,,,,514637,175651,51.468171,-0.350994
468,18,Stanley Road,Central Hounslow,,TW3 1YA,Hounslow,,,,,514219,175346,51.465514,-0.357108
461,20,Inwood Road,Central Hounslow,,TW3 1XJ,Hounslow,,,,,514044,175256,51.464741,-0.359655
454,1,Dukes Meadow,Chiswick,,W4 2RX,Hounslow,,,,,521122,177092,51.479772,-0.257182
449,2,Burial Ground,Chiswick,,W4 2SJ,Hounslow,,,,,520680,177085,51.479804,-0.263547
465,3,Promenade,Chiswick,,SW14 8SJ,Hounslow,,,,,520991,176172,51.471532,-0.259383
450,4,Chertsey Road,Chiswick,,W4 2SF,Hounslow,,,,,520909,176676,51.476079,-0.26039
470,5,Staveley Road,Chiswick,,W4 2SJ,Hounslow,,,,,520723,177190,51.480738,-0.262892
462,6,Manor Gardens,Chiswick,,W3 8JU,Hounslow,,,,,519362,178784,51.495353,-0.281943
472,7,Thames Road,Chiswick,,W4 3QW,Hounslow,,,,,519657,177736,51.485872,-0.278051
456,27,Faggs Road,,,TW14 0LW,Hounslow,,,,,510326,175008,51.463248,-0.413234
455,34,Faggs Road,,,TW14 0QB,Hounslow,,,,,510254,175087,51.463972,-0.414245
471,22,Sutton Lane,Heston and Cranford,,TW3 4LD,Hounslow,,,,,513037,176097,51.472501,-0.373877
458,15,Gainsborough Gardens,Central Hounslow,,TW7 7NQ,Hounslow,,,,,514598,174630,51.459002,-0.351886
87,0,No name,Parkside Avenue,,BR1 2EJ,Bromley,,,,,542224,168235,51.395275,0.042944
183,0,Kentish Town City Farm,Cressfield Close,,NW5 4BN,Camden,Camden independents,,,,528509,185324,51.552124,-0.147864
178,0,Adelaide Community Garden And Allotments,Fellows Road,,NW3 3PX,Camden,Camden independents,,,,527668,184410,51.544101,-0.160319
180,0,Augustus And Redhill Allotments (Crown Estate),Augustus Street,,NW1 3TA,Camden,Camden independents,,,,528922,182985,51.53101,-0.142767
185,0,South End Green And Mansfield Allotments Association,Nassington Road,,NW3 2TY,Camden,Camden independents,,,,527587,185737,51.556045,-0.161012
184,0,Regents Park Gardening Club,William Road,,NW1 3LP,Camden,Camden independents,,,,529001,182579,51.527343,-0.141777
187,0,Biggin Wood,Beulah Hill,,SE19 3HS,Croydon,Croydon independent and private sites,,,,531817,170341,51.416715,-0.105774
195,0,Norbury Park,Green Lane,,SW16 3RL,Croydon,Croydon independent and private sites,,,,530926,169777,51.411855,-0.118776
190,0,Gonville Road,Gonville Road,,CR7 6DN,Croydon,Croydon independent and private sites,,,,530584,167924,51.395278,-0.124375
199,0,Pawsons Bert (1),Pawsons Road,,CR7 7BZ,Croydon,Croydon independent and private sites,,,,532252,167653,51.392453,-0.100522
200,0,Pawsons Bert (2),Pawsons Road,,CR7 7BR,Croydon,Croydon independent and private sites,,,,532190,167817,51.393945,-0.101352
192,0,Heavers Farm,Selhurst Road,,SE25 6LR,Croydon,Croydon independent and private sites,,,,533476,167706,51.392646,-0.082915
198,0,Park Hill,Coombe Road,,CR0 5JX,Croydon,Croydon independent and private sites,,,,533751,164942,51.367737,-0.080009
203,0,South Croydon,Mayfield Road,,CR2 0BJ,Croydon,Croydon independent and private sites,,,,532844,163078,51.351205,-0.093721
202,0,Smitham,Chipstead Valley Road,,CR5 3BE,Croydon,Croydon independent and private sites,,,,528994,159467,51.319635,-0.150283
204,0,Spa Hill,Ingram Road,,SE19 3TY,Croydon,Croydon independent and private sites,,,,532422,169775,51.411486,-0.097288
189,0,Glenthorne Avenue,Glenthorne Avenue,,CR0 7EZ,Croydon,Croydon independent and private sites,,,,535280,166326,51.379814,-0.05753
188,0,Enmore Road,Enmore Road   ,,SE25 5LF,Croydon,Croydon independent and private sites,,,,534349,167839,51.393639,-0.07032
505,0,Bedford Road Allotments,Council,,SW4 7NX,Lambeth,,,,,530113,175178,51.460581,-0.128485
506,0,Grayscroft Road Allotments,Council,,SW16 5SG,Lambeth,,,,,529600,170200,51.415957,-0.137684
507,0,Iveley Road Allotments,Council,,SW4 0EN,Lambeth,,,,,529182,176062,51.468737,-0.141556
508,0,"Knight’s Hill Allotments, West Dulwich",Private,,SE21 8JS,Lambeth,,,,,532000,173100,51.441465,-0.102111
509,0,Lakeview Allotments (Lambeth Horticultural Society),Private,,SE27 0QF,Lambeth,,,,,531730,171247,51.424878,-0.106687
514,0,Thornton Gardens Allotments,Private,,SW12 0EE,Lambeth,,,,,529667,173213,51.443021,-0.135619
738,0,The Pleasance,Roehampton Allotment Society,,SW15 5AB,Wandsworth,,,,,522547,175157,51.462071,-0.237345
731,0,Dover House Road,Roehampton Allotment Society,,SW15 5EN,Wandsworth,,,,,522448,174757,51.458501,-0.23891
561,10,Georges Hill Allotments East,"Holne Chase, Morden",,SM4 5QQ,Merton,,,,,525236,166937,51.387607,-0.201564
557,5,"Durnsford Road ""L"" Allotments","Durnsford Road, SW19",,SW19 8JF,Merton,,,,,525789,171479,51.428306,-0.192007
469,0,Stanley Road B,,,TW3 1YX,Hounslow,,,,,514284,175354,51.465572,-0.35617
686,0,Bancroft Road,,,E1 4DE,Tower Hamlets,,,,,535746,182582,51.525794,-0.044604
742,,Dulwich Grove Common,,,SE21 7EX,Southwark,,,,Not in council list,534202,173277,51.442537,-0.07038
739,,Grove Hill Parks,,,SE5 8JU,Southwark,,,,Added 20070522,533314,175897,51.466297,-0.082158
740,,West Ham Allotment Society Limited,,,E15 2RG,Newham,,,,Added 20070522,538523,183046,51.52929,-0.004417
741,,Nursery Lane Allotments,,,UB8 3PW,Hillingdon,,,,Added 20070522,506342,182397,51.530426,-0.468344
